ISO-10303-21;
HEADER;
/* Generated by software containing ST-Developer
 * from STEP Tools, Inc. (www.steptools.com) 
 */

FILE_DESCRIPTION(
/* description */ (''),
/* implementation_level */ '2;1');

FILE_NAME(
/* name */ 'Chassis.step',
/* time_stamp */ '2026-01-05T14:38:54+05:00',
/* author */ (''),
/* organization */ (''),
/* preprocessor_version */ 'ST-DEVELOPER v20.1',
/* originating_system */ 'Autodesk Translation Framework v14.21.0.0',
/* authorisation */ '');

FILE_SCHEMA (('AUTOMOTIVE_DESIGN { 1 0 10303 214 3 1 1 }'));
ENDSEC;

DATA;
#10=MECHANICAL_DESIGN_GEOMETRIC_PRESENTATION_REPRESENTATION('',(#49,#50,
#51,#52,#53,#54,#55,#56,#57),#5163);
#11=ITEM_DEFINED_TRANSFORMATION($,$,#3227,#3246);
#12=ITEM_DEFINED_TRANSFORMATION($,$,#3126,#3247);
#13=ITEM_DEFINED_TRANSFORMATION($,$,#3226,#3248);
#14=ITEM_DEFINED_TRANSFORMATION($,$,#3125,#3408);
#15=ITEM_DEFINED_TRANSFORMATION($,$,#3249,#3409);
#16=ITEM_DEFINED_TRANSFORMATION($,$,#3249,#3410);
#17=ITEM_DEFINED_TRANSFORMATION($,$,#3289,#3411);
#18=(
REPRESENTATION_RELATIONSHIP($,$,#5193,#5192)
REPRESENTATION_RELATIONSHIP_WITH_TRANSFORMATION(#11)
SHAPE_REPRESENTATION_RELATIONSHIP()
);
#19=(
REPRESENTATION_RELATIONSHIP($,$,#5191,#5190)
REPRESENTATION_RELATIONSHIP_WITH_TRANSFORMATION(#12)
SHAPE_REPRESENTATION_RELATIONSHIP()
);
#20=(
REPRESENTATION_RELATIONSHIP($,$,#5192,#5190)
REPRESENTATION_RELATIONSHIP_WITH_TRANSFORMATION(#13)
SHAPE_REPRESENTATION_RELATIONSHIP()
);
#21=(
REPRESENTATION_RELATIONSHIP($,$,#5190,#5189)
REPRESENTATION_RELATIONSHIP_WITH_TRANSFORMATION(#14)
SHAPE_REPRESENTATION_RELATIONSHIP()
);
#22=(
REPRESENTATION_RELATIONSHIP($,$,#5194,#5189)
REPRESENTATION_RELATIONSHIP_WITH_TRANSFORMATION(#15)
SHAPE_REPRESENTATION_RELATIONSHIP()
);
#23=(
REPRESENTATION_RELATIONSHIP($,$,#5194,#5189)
REPRESENTATION_RELATIONSHIP_WITH_TRANSFORMATION(#16)
SHAPE_REPRESENTATION_RELATIONSHIP()
);
#24=(
REPRESENTATION_RELATIONSHIP($,$,#5195,#5189)
REPRESENTATION_RELATIONSHIP_WITH_TRANSFORMATION(#17)
SHAPE_REPRESENTATION_RELATIONSHIP()
);
#25=CONTEXT_DEPENDENT_SHAPE_REPRESENTATION(#18,#5180);
#26=CONTEXT_DEPENDENT_SHAPE_REPRESENTATION(#19,#5181);
#27=CONTEXT_DEPENDENT_SHAPE_REPRESENTATION(#20,#5182);
#28=CONTEXT_DEPENDENT_SHAPE_REPRESENTATION(#21,#5185);
#29=CONTEXT_DEPENDENT_SHAPE_REPRESENTATION(#22,#5186);
#30=CONTEXT_DEPENDENT_SHAPE_REPRESENTATION(#23,#5187);
#31=CONTEXT_DEPENDENT_SHAPE_REPRESENTATION(#24,#5188);
#32=NEXT_ASSEMBLY_USAGE_OCCURRENCE('Top guard:1','Top guard:1',
'Top guard:1',#5200,#5201,'Top guard:1');
#33=NEXT_ASSEMBLY_USAGE_OCCURRENCE('Chassis:1','Chassis:1','Chassis:1',
#5198,#5199,'Chassis:1');
#34=NEXT_ASSEMBLY_USAGE_OCCURRENCE('Top plate v3:1','Top plate v3:1',
'Top plate v3:1',#5198,#5200,'Top plate v3:1');
#35=NEXT_ASSEMBLY_USAGE_OCCURRENCE('Untitled v14:1','Untitled v14:1',
'Untitled v14:1',#5197,#5198,'Untitled v14:1');
#36=NEXT_ASSEMBLY_USAGE_OCCURRENCE('Fender (1):1','Fender (1):1',
'Fender (1):1',#5197,#5202,'Fender (1):1');
#37=NEXT_ASSEMBLY_USAGE_OCCURRENCE('Fender (1):2','Fender (1):2',
'Fender (1):2',#5197,#5202,'Fender (1):2');
#38=NEXT_ASSEMBLY_USAGE_OCCURRENCE('Motor Mount:1','Motor Mount:1',
'Motor Mount:1',#5197,#5203,'Motor Mount:1');
#39=SHAPE_REPRESENTATION_RELATIONSHIP('SRR','None',#5191,#44);
#40=SHAPE_REPRESENTATION_RELATIONSHIP('SRR','None',#5193,#45);
#41=SHAPE_REPRESENTATION_RELATIONSHIP('SRR','None',#5194,#46);
#42=SHAPE_REPRESENTATION_RELATIONSHIP('SRR','None',#5195,#47);
#43=SHAPE_REPRESENTATION_RELATIONSHIP('SRR','None',#5189,#48);
#44=ADVANCED_BREP_SHAPE_REPRESENTATION('',(#58),#5158);
#45=ADVANCED_BREP_SHAPE_REPRESENTATION('',(#59),#5160);
#46=ADVANCED_BREP_SHAPE_REPRESENTATION('',(#60),#5161);
#47=ADVANCED_BREP_SHAPE_REPRESENTATION('',(#61,#62),#5162);
#48=ADVANCED_BREP_SHAPE_REPRESENTATION('',(#63,#64,#65,#66),#5156);
#49=STYLED_ITEM('',(#5229),#58);
#50=STYLED_ITEM('',(#5229),#59);
#51=STYLED_ITEM('',(#5229),#60);
#52=STYLED_ITEM('',(#5229),#61);
#53=STYLED_ITEM('',(#5229),#62);
#54=STYLED_ITEM('',(#5229),#63);
#55=STYLED_ITEM('',(#5229),#64);
#56=STYLED_ITEM('',(#5229),#65);
#57=STYLED_ITEM('',(#5229),#66);
#58=MANIFOLD_SOLID_BREP('Chassis',#3070);
#59=MANIFOLD_SOLID_BREP('Body1',#3071);
#60=MANIFOLD_SOLID_BREP('Body1',#3072);
#61=MANIFOLD_SOLID_BREP('Body1',#3073);
#62=MANIFOLD_SOLID_BREP('Body2',#3074);
#63=MANIFOLD_SOLID_BREP('Body2',#3075);
#64=MANIFOLD_SOLID_BREP('Body3',#3076);
#65=MANIFOLD_SOLID_BREP('Body4',#3077);
#66=MANIFOLD_SOLID_BREP('Body5',#3078);
#67=FACE_BOUND('',#466,.T.);
#68=FACE_BOUND('',#469,.T.);
#69=FACE_BOUND('',#474,.T.);
#70=FACE_BOUND('',#475,.T.);
#71=FACE_BOUND('',#477,.T.);
#72=FACE_BOUND('',#478,.T.);
#73=FACE_BOUND('',#479,.T.);
#74=FACE_BOUND('',#480,.T.);
#75=FACE_BOUND('',#481,.T.);
#76=FACE_BOUND('',#482,.T.);
#77=FACE_BOUND('',#483,.T.);
#78=FACE_BOUND('',#484,.T.);
#79=FACE_BOUND('',#485,.T.);
#80=FACE_BOUND('',#487,.T.);
#81=FACE_BOUND('',#491,.T.);
#82=FACE_BOUND('',#492,.T.);
#83=FACE_BOUND('',#494,.T.);
#84=FACE_BOUND('',#515,.T.);
#85=FACE_BOUND('',#518,.T.);
#86=FACE_BOUND('',#523,.T.);
#87=FACE_BOUND('',#524,.T.);
#88=FACE_BOUND('',#530,.T.);
#89=FACE_BOUND('',#531,.T.);
#90=FACE_BOUND('',#543,.T.);
#91=FACE_BOUND('',#544,.T.);
#92=FACE_BOUND('',#545,.T.);
#93=FACE_BOUND('',#546,.T.);
#94=FACE_BOUND('',#548,.T.);
#95=FACE_BOUND('',#549,.T.);
#96=FACE_BOUND('',#550,.T.);
#97=FACE_BOUND('',#551,.T.);
#98=FACE_BOUND('',#553,.T.);
#99=FACE_BOUND('',#576,.T.);
#100=FACE_BOUND('',#585,.T.);
#101=FACE_BOUND('',#586,.T.);
#102=FACE_BOUND('',#587,.T.);
#103=FACE_BOUND('',#588,.T.);
#104=FACE_BOUND('',#589,.T.);
#105=FACE_BOUND('',#590,.T.);
#106=FACE_BOUND('',#591,.T.);
#107=FACE_BOUND('',#592,.T.);
#108=FACE_BOUND('',#593,.T.);
#109=FACE_BOUND('',#605,.T.);
#110=FACE_BOUND('',#606,.T.);
#111=FACE_BOUND('',#607,.T.);
#112=FACE_BOUND('',#608,.T.);
#113=FACE_BOUND('',#609,.T.);
#114=FACE_BOUND('',#610,.T.);
#115=FACE_BOUND('',#611,.T.);
#116=FACE_BOUND('',#612,.T.);
#117=FACE_BOUND('',#613,.T.);
#118=FACE_BOUND('',#623,.T.);
#119=FACE_BOUND('',#624,.T.);
#120=FACE_BOUND('',#625,.T.);
#121=FACE_BOUND('',#626,.T.);
#122=FACE_BOUND('',#627,.T.);
#123=FACE_BOUND('',#634,.T.);
#124=FACE_BOUND('',#635,.T.);
#125=FACE_BOUND('',#636,.T.);
#126=FACE_BOUND('',#637,.T.);
#127=FACE_BOUND('',#638,.T.);
#128=FACE_BOUND('',#640,.T.);
#129=FACE_BOUND('',#641,.T.);
#130=FACE_BOUND('',#653,.T.);
#131=FACE_BOUND('',#654,.T.);
#132=FACE_BOUND('',#656,.T.);
#133=FACE_BOUND('',#657,.T.);
#134=FACE_BOUND('',#669,.T.);
#135=FACE_BOUND('',#670,.T.);
#136=PLANE('',#3154);
#137=PLANE('',#3159);
#138=PLANE('',#3165);
#139=PLANE('',#3166);
#140=PLANE('',#3171);
#141=PLANE('',#3180);
#142=PLANE('',#3182);
#143=PLANE('',#3183);
#144=PLANE('',#3184);
#145=PLANE('',#3189);
#146=PLANE('',#3191);
#147=PLANE('',#3193);
#148=PLANE('',#3196);
#149=PLANE('',#3197);
#150=PLANE('',#3199);
#151=PLANE('',#3203);
#152=PLANE('',#3204);
#153=PLANE('',#3206);
#154=PLANE('',#3211);
#155=PLANE('',#3212);
#156=PLANE('',#3213);
#157=PLANE('',#3214);
#158=PLANE('',#3215);
#159=PLANE('',#3216);
#160=PLANE('',#3217);
#161=PLANE('',#3218);
#162=PLANE('',#3219);
#163=PLANE('',#3220);
#164=PLANE('',#3221);
#165=PLANE('',#3222);
#166=PLANE('',#3223);
#167=PLANE('',#3224);
#168=PLANE('',#3225);
#169=PLANE('',#3240);
#170=PLANE('',#3241);
#171=PLANE('',#3242);
#172=PLANE('',#3243);
#173=PLANE('',#3244);
#174=PLANE('',#3245);
#175=PLANE('',#3250);
#176=PLANE('',#3265);
#177=PLANE('',#3266);
#178=PLANE('',#3267);
#179=PLANE('',#3270);
#180=PLANE('',#3271);
#181=PLANE('',#3272);
#182=PLANE('',#3275);
#183=PLANE('',#3278);
#184=PLANE('',#3279);
#185=PLANE('',#3280);
#186=PLANE('',#3281);
#187=PLANE('',#3284);
#188=PLANE('',#3287);
#189=PLANE('',#3288);
#190=PLANE('',#3305);
#191=PLANE('',#3306);
#192=PLANE('',#3307);
#193=PLANE('',#3323);
#194=PLANE('',#3324);
#195=PLANE('',#3325);
#196=PLANE('',#3326);
#197=PLANE('',#3327);
#198=PLANE('',#3328);
#199=PLANE('',#3347);
#200=PLANE('',#3348);
#201=PLANE('',#3349);
#202=PLANE('',#3350);
#203=PLANE('',#3351);
#204=PLANE('',#3352);
#205=PLANE('',#3353);
#206=PLANE('',#3354);
#207=PLANE('',#3355);
#208=PLANE('',#3356);
#209=PLANE('',#3361);
#210=PLANE('',#3362);
#211=PLANE('',#3365);
#212=PLANE('',#3370);
#213=PLANE('',#3373);
#214=PLANE('',#3374);
#215=PLANE('',#3375);
#216=PLANE('',#3376);
#217=PLANE('',#3383);
#218=PLANE('',#3384);
#219=PLANE('',#3385);
#220=PLANE('',#3390);
#221=PLANE('',#3391);
#222=PLANE('',#3392);
#223=PLANE('',#3395);
#224=PLANE('',#3396);
#225=PLANE('',#3397);
#226=PLANE('',#3398);
#227=PLANE('',#3399);
#228=PLANE('',#3400);
#229=PLANE('',#3401);
#230=PLANE('',#3402);
#231=PLANE('',#3403);
#232=PLANE('',#3404);
#233=PLANE('',#3405);
#234=PLANE('',#3406);
#235=PLANE('',#3407);
#236=CYLINDRICAL_SURFACE('',#3132,1.89155);
#237=CYLINDRICAL_SURFACE('',#3138,1.89155);
#238=CYLINDRICAL_SURFACE('',#3144,1.89155);
#239=CYLINDRICAL_SURFACE('',#3150,1.89155);
#240=CYLINDRICAL_SURFACE('',#3151,12.9);
#241=CYLINDRICAL_SURFACE('',#3156,12.9);
#242=CYLINDRICAL_SURFACE('',#3161,4.00000005960464);
#243=CYLINDRICAL_SURFACE('',#3163,4.00000005960464);
#244=CYLINDRICAL_SURFACE('',#3192,10.);
#245=CYLINDRICAL_SURFACE('',#3194,3.99999812245371);
#246=CYLINDRICAL_SURFACE('',#3195,3.99999812245392);
#247=CYLINDRICAL_SURFACE('',#3198,10.);
#248=CYLINDRICAL_SURFACE('',#3200,10.00000000002);
#249=CYLINDRICAL_SURFACE('',#3201,4.00000207126146);
#250=CYLINDRICAL_SURFACE('',#3202,4.);
#251=CYLINDRICAL_SURFACE('',#3205,10.);
#252=CYLINDRICAL_SURFACE('',#3207,8.5);
#253=CYLINDRICAL_SURFACE('',#3209,8.5);
#254=CYLINDRICAL_SURFACE('',#3228,2.25);
#255=CYLINDRICAL_SURFACE('',#3231,2.25000000000001);
#256=CYLINDRICAL_SURFACE('',#3234,2.25);
#257=CYLINDRICAL_SURFACE('',#3237,2.25);
#258=CYLINDRICAL_SURFACE('',#3259,4.);
#259=CYLINDRICAL_SURFACE('',#3261,7.99999999999999);
#260=CYLINDRICAL_SURFACE('',#3263,10.);
#261=CYLINDRICAL_SURFACE('',#3268,29.9999999999991);
#262=CYLINDRICAL_SURFACE('',#3273,9.99999999999975);
#263=CYLINDRICAL_SURFACE('',#3276,10.);
#264=CYLINDRICAL_SURFACE('',#3282,10.);
#265=CYLINDRICAL_SURFACE('',#3285,8.00000000000004);
#266=CYLINDRICAL_SURFACE('',#3290,2.00000000000001);
#267=CYLINDRICAL_SURFACE('',#3293,2.00000000000001);
#268=CYLINDRICAL_SURFACE('',#3296,1.99999999999999);
#269=CYLINDRICAL_SURFACE('',#3299,1.99999999999999);
#270=CYLINDRICAL_SURFACE('',#3302,1.99999999999999);
#271=CYLINDRICAL_SURFACE('',#3313,3.24999999999999);
#272=CYLINDRICAL_SURFACE('',#3315,1.00000000000001);
#273=CYLINDRICAL_SURFACE('',#3317,1.00000000000001);
#274=CYLINDRICAL_SURFACE('',#3319,1.00000000000001);
#275=CYLINDRICAL_SURFACE('',#3321,1.00000000000001);
#276=CYLINDRICAL_SURFACE('',#3329,12.9);
#277=CYLINDRICAL_SURFACE('',#3332,2.00000000000001);
#278=CYLINDRICAL_SURFACE('',#3335,2.00000000000001);
#279=CYLINDRICAL_SURFACE('',#3338,1.99999999999999);
#280=CYLINDRICAL_SURFACE('',#3341,1.99999999999999);
#281=CYLINDRICAL_SURFACE('',#3344,1.99999999999999);
#282=CYLINDRICAL_SURFACE('',#3363,10.);
#283=CYLINDRICAL_SURFACE('',#3366,4.);
#284=CYLINDRICAL_SURFACE('',#3368,4.00000207126146);
#285=CYLINDRICAL_SURFACE('',#3371,10.00000000002);
#286=CYLINDRICAL_SURFACE('',#3381,10.);
#287=CYLINDRICAL_SURFACE('',#3386,3.99999812245392);
#288=CYLINDRICAL_SURFACE('',#3388,3.99999812245371);
#289=CYLINDRICAL_SURFACE('',#3393,10.);
#290=FACE_OUTER_BOUND('',#452,.T.);
#291=FACE_OUTER_BOUND('',#453,.T.);
#292=FACE_OUTER_BOUND('',#454,.T.);
#293=FACE_OUTER_BOUND('',#455,.T.);
#294=FACE_OUTER_BOUND('',#456,.T.);
#295=FACE_OUTER_BOUND('',#457,.T.);
#296=FACE_OUTER_BOUND('',#458,.T.);
#297=FACE_OUTER_BOUND('',#459,.T.);
#298=FACE_OUTER_BOUND('',#460,.T.);
#299=FACE_OUTER_BOUND('',#461,.T.);
#300=FACE_OUTER_BOUND('',#462,.T.);
#301=FACE_OUTER_BOUND('',#463,.T.);
#302=FACE_OUTER_BOUND('',#464,.T.);
#303=FACE_OUTER_BOUND('',#465,.T.);
#304=FACE_OUTER_BOUND('',#467,.T.);
#305=FACE_OUTER_BOUND('',#468,.T.);
#306=FACE_OUTER_BOUND('',#470,.T.);
#307=FACE_OUTER_BOUND('',#471,.T.);
#308=FACE_OUTER_BOUND('',#472,.T.);
#309=FACE_OUTER_BOUND('',#473,.T.);
#310=FACE_OUTER_BOUND('',#476,.T.);
#311=FACE_OUTER_BOUND('',#486,.T.);
#312=FACE_OUTER_BOUND('',#488,.T.);
#313=FACE_OUTER_BOUND('',#489,.T.);
#314=FACE_OUTER_BOUND('',#490,.T.);
#315=FACE_OUTER_BOUND('',#493,.T.);
#316=FACE_OUTER_BOUND('',#495,.T.);
#317=FACE_OUTER_BOUND('',#496,.T.);
#318=FACE_OUTER_BOUND('',#497,.T.);
#319=FACE_OUTER_BOUND('',#498,.T.);
#320=FACE_OUTER_BOUND('',#499,.T.);
#321=FACE_OUTER_BOUND('',#500,.T.);
#322=FACE_OUTER_BOUND('',#501,.T.);
#323=FACE_OUTER_BOUND('',#502,.T.);
#324=FACE_OUTER_BOUND('',#503,.T.);
#325=FACE_OUTER_BOUND('',#504,.T.);
#326=FACE_OUTER_BOUND('',#505,.T.);
#327=FACE_OUTER_BOUND('',#506,.T.);
#328=FACE_OUTER_BOUND('',#507,.T.);
#329=FACE_OUTER_BOUND('',#508,.T.);
#330=FACE_OUTER_BOUND('',#509,.T.);
#331=FACE_OUTER_BOUND('',#510,.T.);
#332=FACE_OUTER_BOUND('',#511,.T.);
#333=FACE_OUTER_BOUND('',#512,.T.);
#334=FACE_OUTER_BOUND('',#513,.T.);
#335=FACE_OUTER_BOUND('',#514,.T.);
#336=FACE_OUTER_BOUND('',#516,.T.);
#337=FACE_OUTER_BOUND('',#517,.T.);
#338=FACE_OUTER_BOUND('',#519,.T.);
#339=FACE_OUTER_BOUND('',#520,.T.);
#340=FACE_OUTER_BOUND('',#521,.T.);
#341=FACE_OUTER_BOUND('',#522,.T.);
#342=FACE_OUTER_BOUND('',#525,.T.);
#343=FACE_OUTER_BOUND('',#526,.T.);
#344=FACE_OUTER_BOUND('',#527,.T.);
#345=FACE_OUTER_BOUND('',#528,.T.);
#346=FACE_OUTER_BOUND('',#529,.T.);
#347=FACE_OUTER_BOUND('',#532,.T.);
#348=FACE_OUTER_BOUND('',#533,.T.);
#349=FACE_OUTER_BOUND('',#534,.T.);
#350=FACE_OUTER_BOUND('',#535,.T.);
#351=FACE_OUTER_BOUND('',#536,.T.);
#352=FACE_OUTER_BOUND('',#537,.T.);
#353=FACE_OUTER_BOUND('',#538,.T.);
#354=FACE_OUTER_BOUND('',#539,.T.);
#355=FACE_OUTER_BOUND('',#540,.T.);
#356=FACE_OUTER_BOUND('',#541,.T.);
#357=FACE_OUTER_BOUND('',#542,.T.);
#358=FACE_OUTER_BOUND('',#547,.T.);
#359=FACE_OUTER_BOUND('',#552,.T.);
#360=FACE_OUTER_BOUND('',#554,.T.);
#361=FACE_OUTER_BOUND('',#555,.T.);
#362=FACE_OUTER_BOUND('',#556,.T.);
#363=FACE_OUTER_BOUND('',#557,.T.);
#364=FACE_OUTER_BOUND('',#558,.T.);
#365=FACE_OUTER_BOUND('',#559,.T.);
#366=FACE_OUTER_BOUND('',#560,.T.);
#367=FACE_OUTER_BOUND('',#561,.T.);
#368=FACE_OUTER_BOUND('',#562,.T.);
#369=FACE_OUTER_BOUND('',#563,.T.);
#370=FACE_OUTER_BOUND('',#564,.T.);
#371=FACE_OUTER_BOUND('',#565,.T.);
#372=FACE_OUTER_BOUND('',#566,.T.);
#373=FACE_OUTER_BOUND('',#567,.T.);
#374=FACE_OUTER_BOUND('',#568,.T.);
#375=FACE_OUTER_BOUND('',#569,.T.);
#376=FACE_OUTER_BOUND('',#570,.T.);
#377=FACE_OUTER_BOUND('',#571,.T.);
#378=FACE_OUTER_BOUND('',#572,.T.);
#379=FACE_OUTER_BOUND('',#573,.T.);
#380=FACE_OUTER_BOUND('',#574,.T.);
#381=FACE_OUTER_BOUND('',#575,.T.);
#382=FACE_OUTER_BOUND('',#577,.T.);
#383=FACE_OUTER_BOUND('',#578,.T.);
#384=FACE_OUTER_BOUND('',#579,.T.);
#385=FACE_OUTER_BOUND('',#580,.T.);
#386=FACE_OUTER_BOUND('',#581,.T.);
#387=FACE_OUTER_BOUND('',#582,.T.);
#388=FACE_OUTER_BOUND('',#583,.T.);
#389=FACE_OUTER_BOUND('',#584,.T.);
#390=FACE_OUTER_BOUND('',#594,.T.);
#391=FACE_OUTER_BOUND('',#595,.T.);
#392=FACE_OUTER_BOUND('',#596,.T.);
#393=FACE_OUTER_BOUND('',#597,.T.);
#394=FACE_OUTER_BOUND('',#598,.T.);
#395=FACE_OUTER_BOUND('',#599,.T.);
#396=FACE_OUTER_BOUND('',#600,.T.);
#397=FACE_OUTER_BOUND('',#601,.T.);
#398=FACE_OUTER_BOUND('',#602,.T.);
#399=FACE_OUTER_BOUND('',#603,.T.);
#400=FACE_OUTER_BOUND('',#604,.T.);
#401=FACE_OUTER_BOUND('',#614,.T.);
#402=FACE_OUTER_BOUND('',#615,.T.);
#403=FACE_OUTER_BOUND('',#616,.T.);
#404=FACE_OUTER_BOUND('',#617,.T.);
#405=FACE_OUTER_BOUND('',#618,.T.);
#406=FACE_OUTER_BOUND('',#619,.T.);
#407=FACE_OUTER_BOUND('',#620,.T.);
#408=FACE_OUTER_BOUND('',#621,.T.);
#409=FACE_OUTER_BOUND('',#622,.T.);
#410=FACE_OUTER_BOUND('',#628,.T.);
#411=FACE_OUTER_BOUND('',#629,.T.);
#412=FACE_OUTER_BOUND('',#630,.T.);
#413=FACE_OUTER_BOUND('',#631,.T.);
#414=FACE_OUTER_BOUND('',#632,.T.);
#415=FACE_OUTER_BOUND('',#633,.T.);
#416=FACE_OUTER_BOUND('',#639,.T.);
#417=FACE_OUTER_BOUND('',#642,.T.);
#418=FACE_OUTER_BOUND('',#643,.T.);
#419=FACE_OUTER_BOUND('',#644,.T.);
#420=FACE_OUTER_BOUND('',#645,.T.);
#421=FACE_OUTER_BOUND('',#646,.T.);
#422=FACE_OUTER_BOUND('',#647,.T.);
#423=FACE_OUTER_BOUND('',#648,.T.);
#424=FACE_OUTER_BOUND('',#649,.T.);
#425=FACE_OUTER_BOUND('',#650,.T.);
#426=FACE_OUTER_BOUND('',#651,.T.);
#427=FACE_OUTER_BOUND('',#652,.T.);
#428=FACE_OUTER_BOUND('',#655,.T.);
#429=FACE_OUTER_BOUND('',#658,.T.);
#430=FACE_OUTER_BOUND('',#659,.T.);
#431=FACE_OUTER_BOUND('',#660,.T.);
#432=FACE_OUTER_BOUND('',#661,.T.);
#433=FACE_OUTER_BOUND('',#662,.T.);
#434=FACE_OUTER_BOUND('',#663,.T.);
#435=FACE_OUTER_BOUND('',#664,.T.);
#436=FACE_OUTER_BOUND('',#665,.T.);
#437=FACE_OUTER_BOUND('',#666,.T.);
#438=FACE_OUTER_BOUND('',#667,.T.);
#439=FACE_OUTER_BOUND('',#668,.T.);
#440=FACE_OUTER_BOUND('',#671,.T.);
#441=FACE_OUTER_BOUND('',#672,.T.);
#442=FACE_OUTER_BOUND('',#673,.T.);
#443=FACE_OUTER_BOUND('',#674,.T.);
#444=FACE_OUTER_BOUND('',#675,.T.);
#445=FACE_OUTER_BOUND('',#676,.T.);
#446=FACE_OUTER_BOUND('',#677,.T.);
#447=FACE_OUTER_BOUND('',#678,.T.);
#448=FACE_OUTER_BOUND('',#679,.T.);
#449=FACE_OUTER_BOUND('',#680,.T.);
#450=FACE_OUTER_BOUND('',#681,.T.);
#451=FACE_OUTER_BOUND('',#682,.T.);
#452=EDGE_LOOP('',(#2078,#2079,#2080));
#453=EDGE_LOOP('',(#2081,#2082,#2083,#2084));
#454=EDGE_LOOP('',(#2085,#2086,#2087,#2088));
#455=EDGE_LOOP('',(#2089,#2090,#2091));
#456=EDGE_LOOP('',(#2092,#2093,#2094,#2095));
#457=EDGE_LOOP('',(#2096,#2097,#2098,#2099));
#458=EDGE_LOOP('',(#2100,#2101,#2102));
#459=EDGE_LOOP('',(#2103,#2104,#2105,#2106));
#460=EDGE_LOOP('',(#2107,#2108,#2109,#2110));
#461=EDGE_LOOP('',(#2111,#2112,#2113));
#462=EDGE_LOOP('',(#2114,#2115,#2116,#2117));
#463=EDGE_LOOP('',(#2118,#2119,#2120,#2121));
#464=EDGE_LOOP('',(#2122,#2123,#2124,#2125));
#465=EDGE_LOOP('',(#2126));
#466=EDGE_LOOP('',(#2127));
#467=EDGE_LOOP('',(#2128,#2129,#2130,#2131));
#468=EDGE_LOOP('',(#2132));
#469=EDGE_LOOP('',(#2133));
#470=EDGE_LOOP('',(#2134,#2135,#2136,#2137));
#471=EDGE_LOOP('',(#2138,#2139,#2140,#2141));
#472=EDGE_LOOP('',(#2142,#2143,#2144,#2145));
#473=EDGE_LOOP('',(#2146,#2147,#2148,#2149,#2150,#2151,#2152,#2153));
#474=EDGE_LOOP('',(#2154));
#475=EDGE_LOOP('',(#2155));
#476=EDGE_LOOP('',(#2156,#2157,#2158,#2159,#2160,#2161,#2162,#2163,#2164,
#2165,#2166,#2167,#2168,#2169,#2170,#2171,#2172,#2173,#2174,#2175,#2176,
#2177,#2178,#2179));
#477=EDGE_LOOP('',(#2180));
#478=EDGE_LOOP('',(#2181));
#479=EDGE_LOOP('',(#2182));
#480=EDGE_LOOP('',(#2183));
#481=EDGE_LOOP('',(#2184,#2185,#2186,#2187));
#482=EDGE_LOOP('',(#2188));
#483=EDGE_LOOP('',(#2189));
#484=EDGE_LOOP('',(#2190));
#485=EDGE_LOOP('',(#2191));
#486=EDGE_LOOP('',(#2192,#2193,#2194,#2195));
#487=EDGE_LOOP('',(#2196));
#488=EDGE_LOOP('',(#2197,#2198,#2199,#2200,#2201,#2202,#2203,#2204));
#489=EDGE_LOOP('',(#2205,#2206,#2207,#2208));
#490=EDGE_LOOP('',(#2209,#2210,#2211,#2212,#2213,#2214,#2215,#2216));
#491=EDGE_LOOP('',(#2217));
#492=EDGE_LOOP('',(#2218));
#493=EDGE_LOOP('',(#2219,#2220,#2221,#2222));
#494=EDGE_LOOP('',(#2223));
#495=EDGE_LOOP('',(#2224,#2225,#2226,#2227));
#496=EDGE_LOOP('',(#2228,#2229,#2230,#2231));
#497=EDGE_LOOP('',(#2232,#2233,#2234,#2235));
#498=EDGE_LOOP('',(#2236,#2237,#2238,#2239));
#499=EDGE_LOOP('',(#2240,#2241,#2242,#2243));
#500=EDGE_LOOP('',(#2244,#2245,#2246,#2247));
#501=EDGE_LOOP('',(#2248,#2249,#2250,#2251));
#502=EDGE_LOOP('',(#2252,#2253,#2254,#2255));
#503=EDGE_LOOP('',(#2256,#2257,#2258,#2259));
#504=EDGE_LOOP('',(#2260,#2261,#2262,#2263));
#505=EDGE_LOOP('',(#2264,#2265,#2266,#2267));
#506=EDGE_LOOP('',(#2268,#2269,#2270,#2271));
#507=EDGE_LOOP('',(#2272,#2273,#2274,#2275));
#508=EDGE_LOOP('',(#2276,#2277,#2278,#2279));
#509=EDGE_LOOP('',(#2280,#2281,#2282,#2283));
#510=EDGE_LOOP('',(#2284,#2285,#2286,#2287));
#511=EDGE_LOOP('',(#2288,#2289,#2290,#2291));
#512=EDGE_LOOP('',(#2292,#2293,#2294,#2295));
#513=EDGE_LOOP('',(#2296,#2297,#2298,#2299));
#514=EDGE_LOOP('',(#2300,#2301,#2302,#2303));
#515=EDGE_LOOP('',(#2304));
#516=EDGE_LOOP('',(#2305,#2306,#2307,#2308));
#517=EDGE_LOOP('',(#2309,#2310,#2311,#2312));
#518=EDGE_LOOP('',(#2313));
#519=EDGE_LOOP('',(#2314,#2315,#2316,#2317));
#520=EDGE_LOOP('',(#2318,#2319,#2320,#2321,#2322,#2323));
#521=EDGE_LOOP('',(#2324,#2325,#2326,#2327));
#522=EDGE_LOOP('',(#2328,#2329,#2330,#2331,#2332,#2333,#2334,#2335));
#523=EDGE_LOOP('',(#2336));
#524=EDGE_LOOP('',(#2337));
#525=EDGE_LOOP('',(#2338,#2339,#2340,#2341,#2342,#2343));
#526=EDGE_LOOP('',(#2344,#2345,#2346,#2347));
#527=EDGE_LOOP('',(#2348,#2349,#2350,#2351));
#528=EDGE_LOOP('',(#2352,#2353,#2354,#2355));
#529=EDGE_LOOP('',(#2356,#2357,#2358,#2359,#2360,#2361,#2362,#2363));
#530=EDGE_LOOP('',(#2364));
#531=EDGE_LOOP('',(#2365));
#532=EDGE_LOOP('',(#2366,#2367,#2368,#2369));
#533=EDGE_LOOP('',(#2370,#2371,#2372,#2373,#2374,#2375,#2376,#2377));
#534=EDGE_LOOP('',(#2378,#2379,#2380,#2381));
#535=EDGE_LOOP('',(#2382,#2383,#2384,#2385));
#536=EDGE_LOOP('',(#2386,#2387,#2388,#2389));
#537=EDGE_LOOP('',(#2390,#2391,#2392,#2393));
#538=EDGE_LOOP('',(#2394,#2395,#2396,#2397));
#539=EDGE_LOOP('',(#2398,#2399,#2400,#2401));
#540=EDGE_LOOP('',(#2402,#2403,#2404,#2405));
#541=EDGE_LOOP('',(#2406,#2407,#2408,#2409));
#542=EDGE_LOOP('',(#2410,#2411,#2412,#2413));
#543=EDGE_LOOP('',(#2414));
#544=EDGE_LOOP('',(#2415));
#545=EDGE_LOOP('',(#2416));
#546=EDGE_LOOP('',(#2417));
#547=EDGE_LOOP('',(#2418,#2419,#2420,#2421));
#548=EDGE_LOOP('',(#2422));
#549=EDGE_LOOP('',(#2423));
#550=EDGE_LOOP('',(#2424));
#551=EDGE_LOOP('',(#2425));
#552=EDGE_LOOP('',(#2426,#2427,#2428,#2429,#2430,#2431,#2432,#2433,#2434,
#2435,#2436,#2437,#2438,#2439,#2440,#2441,#2442,#2443,#2444,#2445));
#553=EDGE_LOOP('',(#2446));
#554=EDGE_LOOP('',(#2447,#2448,#2449,#2450));
#555=EDGE_LOOP('',(#2451,#2452,#2453,#2454));
#556=EDGE_LOOP('',(#2455,#2456,#2457,#2458));
#557=EDGE_LOOP('',(#2459,#2460,#2461,#2462));
#558=EDGE_LOOP('',(#2463,#2464,#2465,#2466));
#559=EDGE_LOOP('',(#2467,#2468,#2469,#2470));
#560=EDGE_LOOP('',(#2471,#2472,#2473,#2474));
#561=EDGE_LOOP('',(#2475,#2476,#2477,#2478));
#562=EDGE_LOOP('',(#2479,#2480,#2481,#2482));
#563=EDGE_LOOP('',(#2483,#2484,#2485,#2486));
#564=EDGE_LOOP('',(#2487,#2488,#2489,#2490));
#565=EDGE_LOOP('',(#2491,#2492,#2493,#2494));
#566=EDGE_LOOP('',(#2495,#2496,#2497,#2498));
#567=EDGE_LOOP('',(#2499,#2500,#2501,#2502));
#568=EDGE_LOOP('',(#2503,#2504,#2505,#2506));
#569=EDGE_LOOP('',(#2507,#2508,#2509,#2510));
#570=EDGE_LOOP('',(#2511,#2512,#2513,#2514));
#571=EDGE_LOOP('',(#2515,#2516,#2517,#2518));
#572=EDGE_LOOP('',(#2519,#2520,#2521,#2522));
#573=EDGE_LOOP('',(#2523,#2524,#2525,#2526));
#574=EDGE_LOOP('',(#2527,#2528,#2529,#2530));
#575=EDGE_LOOP('',(#2531,#2532,#2533,#2534,#2535,#2536,#2537,#2538,#2539,
#2540,#2541,#2542,#2543,#2544,#2545,#2546,#2547,#2548,#2549,#2550));
#576=EDGE_LOOP('',(#2551));
#577=EDGE_LOOP('',(#2552,#2553,#2554,#2555));
#578=EDGE_LOOP('',(#2556,#2557,#2558,#2559));
#579=EDGE_LOOP('',(#2560,#2561,#2562,#2563));
#580=EDGE_LOOP('',(#2564,#2565,#2566,#2567));
#581=EDGE_LOOP('',(#2568,#2569,#2570,#2571));
#582=EDGE_LOOP('',(#2572,#2573,#2574,#2575));
#583=EDGE_LOOP('',(#2576,#2577,#2578,#2579));
#584=EDGE_LOOP('',(#2580,#2581,#2582,#2583,#2584,#2585,#2586,#2587));
#585=EDGE_LOOP('',(#2588));
#586=EDGE_LOOP('',(#2589));
#587=EDGE_LOOP('',(#2590));
#588=EDGE_LOOP('',(#2591));
#589=EDGE_LOOP('',(#2592));
#590=EDGE_LOOP('',(#2593));
#591=EDGE_LOOP('',(#2594));
#592=EDGE_LOOP('',(#2595));
#593=EDGE_LOOP('',(#2596));
#594=EDGE_LOOP('',(#2597,#2598,#2599,#2600));
#595=EDGE_LOOP('',(#2601,#2602,#2603,#2604));
#596=EDGE_LOOP('',(#2605,#2606,#2607,#2608));
#597=EDGE_LOOP('',(#2609,#2610,#2611,#2612));
#598=EDGE_LOOP('',(#2613,#2614,#2615,#2616));
#599=EDGE_LOOP('',(#2617,#2618,#2619,#2620));
#600=EDGE_LOOP('',(#2621,#2622,#2623,#2624));
#601=EDGE_LOOP('',(#2625,#2626,#2627,#2628));
#602=EDGE_LOOP('',(#2629,#2630,#2631,#2632));
#603=EDGE_LOOP('',(#2633,#2634,#2635,#2636));
#604=EDGE_LOOP('',(#2637,#2638,#2639,#2640,#2641,#2642,#2643,#2644));
#605=EDGE_LOOP('',(#2645));
#606=EDGE_LOOP('',(#2646));
#607=EDGE_LOOP('',(#2647));
#608=EDGE_LOOP('',(#2648));
#609=EDGE_LOOP('',(#2649));
#610=EDGE_LOOP('',(#2650));
#611=EDGE_LOOP('',(#2651));
#612=EDGE_LOOP('',(#2652));
#613=EDGE_LOOP('',(#2653));
#614=EDGE_LOOP('',(#2654,#2655,#2656,#2657));
#615=EDGE_LOOP('',(#2658,#2659,#2660,#2661));
#616=EDGE_LOOP('',(#2662,#2663,#2664,#2665));
#617=EDGE_LOOP('',(#2666,#2667,#2668,#2669));
#618=EDGE_LOOP('',(#2670,#2671,#2672,#2673));
#619=EDGE_LOOP('',(#2674,#2675,#2676,#2677));
#620=EDGE_LOOP('',(#2678,#2679,#2680,#2681));
#621=EDGE_LOOP('',(#2682,#2683,#2684,#2685));
#622=EDGE_LOOP('',(#2686,#2687,#2688,#2689,#2690,#2691,#2692,#2693));
#623=EDGE_LOOP('',(#2694));
#624=EDGE_LOOP('',(#2695));
#625=EDGE_LOOP('',(#2696));
#626=EDGE_LOOP('',(#2697));
#627=EDGE_LOOP('',(#2698));
#628=EDGE_LOOP('',(#2699,#2700,#2701,#2702));
#629=EDGE_LOOP('',(#2703,#2704,#2705,#2706));
#630=EDGE_LOOP('',(#2707,#2708,#2709,#2710));
#631=EDGE_LOOP('',(#2711,#2712,#2713,#2714));
#632=EDGE_LOOP('',(#2715,#2716,#2717,#2718));
#633=EDGE_LOOP('',(#2719,#2720,#2721,#2722,#2723,#2724,#2725,#2726));
#634=EDGE_LOOP('',(#2727));
#635=EDGE_LOOP('',(#2728));
#636=EDGE_LOOP('',(#2729));
#637=EDGE_LOOP('',(#2730));
#638=EDGE_LOOP('',(#2731));
#639=EDGE_LOOP('',(#2732,#2733,#2734,#2735,#2736,#2737,#2738,#2739));
#640=EDGE_LOOP('',(#2740));
#641=EDGE_LOOP('',(#2741));
#642=EDGE_LOOP('',(#2742,#2743,#2744,#2745));
#643=EDGE_LOOP('',(#2746,#2747,#2748,#2749));
#644=EDGE_LOOP('',(#2750,#2751,#2752,#2753));
#645=EDGE_LOOP('',(#2754,#2755,#2756,#2757));
#646=EDGE_LOOP('',(#2758,#2759,#2760,#2761));
#647=EDGE_LOOP('',(#2762,#2763,#2764,#2765));
#648=EDGE_LOOP('',(#2766,#2767,#2768,#2769));
#649=EDGE_LOOP('',(#2770,#2771,#2772,#2773));
#650=EDGE_LOOP('',(#2774,#2775,#2776,#2777));
#651=EDGE_LOOP('',(#2778,#2779,#2780,#2781));
#652=EDGE_LOOP('',(#2782,#2783,#2784,#2785,#2786,#2787,#2788,#2789));
#653=EDGE_LOOP('',(#2790));
#654=EDGE_LOOP('',(#2791));
#655=EDGE_LOOP('',(#2792,#2793,#2794,#2795,#2796,#2797,#2798,#2799));
#656=EDGE_LOOP('',(#2800));
#657=EDGE_LOOP('',(#2801));
#658=EDGE_LOOP('',(#2802,#2803,#2804,#2805));
#659=EDGE_LOOP('',(#2806,#2807,#2808,#2809));
#660=EDGE_LOOP('',(#2810,#2811,#2812,#2813));
#661=EDGE_LOOP('',(#2814,#2815,#2816,#2817));
#662=EDGE_LOOP('',(#2818,#2819,#2820,#2821));
#663=EDGE_LOOP('',(#2822,#2823,#2824,#2825));
#664=EDGE_LOOP('',(#2826,#2827,#2828,#2829));
#665=EDGE_LOOP('',(#2830,#2831,#2832,#2833));
#666=EDGE_LOOP('',(#2834,#2835,#2836,#2837));
#667=EDGE_LOOP('',(#2838,#2839,#2840,#2841));
#668=EDGE_LOOP('',(#2842,#2843,#2844,#2845,#2846,#2847,#2848,#2849));
#669=EDGE_LOOP('',(#2850));
#670=EDGE_LOOP('',(#2851));
#671=EDGE_LOOP('',(#2852,#2853,#2854,#2855));
#672=EDGE_LOOP('',(#2856,#2857,#2858,#2859));
#673=EDGE_LOOP('',(#2860,#2861,#2862,#2863));
#674=EDGE_LOOP('',(#2864,#2865,#2866,#2867));
#675=EDGE_LOOP('',(#2868,#2869,#2870,#2871));
#676=EDGE_LOOP('',(#2872,#2873,#2874,#2875));
#677=EDGE_LOOP('',(#2876,#2877,#2878,#2879));
#678=EDGE_LOOP('',(#2880,#2881,#2882,#2883));
#679=EDGE_LOOP('',(#2884,#2885,#2886,#2887));
#680=EDGE_LOOP('',(#2888,#2889,#2890,#2891));
#681=EDGE_LOOP('',(#2892,#2893,#2894,#2895));
#682=EDGE_LOOP('',(#2896,#2897,#2898,#2899));
#683=LINE('',#4294,#982);
#684=LINE('',#4299,#983);
#685=LINE('',#4302,#984);
#686=LINE('',#4307,#985);
#687=LINE('',#4312,#986);
#688=LINE('',#4315,#987);
#689=LINE('',#4320,#988);
#690=LINE('',#4325,#989);
#691=LINE('',#4328,#990);
#692=LINE('',#4333,#991);
#693=LINE('',#4338,#992);
#694=LINE('',#4341,#993);
#695=LINE('',#4346,#994);
#696=LINE('',#4355,#995);
#697=LINE('',#4363,#996);
#698=LINE('',#4366,#997);
#699=LINE('',#4371,#998);
#700=LINE('',#4373,#999);
#701=LINE('',#4375,#1000);
#702=LINE('',#4376,#1001);
#703=LINE('',#4380,#1002);
#704=LINE('',#4383,#1003);
#705=LINE('',#4385,#1004);
#706=LINE('',#4389,#1005);
#707=LINE('',#4390,#1006);
#708=LINE('',#4399,#1007);
#709=LINE('',#4401,#1008);
#710=LINE('',#4403,#1009);
#711=LINE('',#4407,#1010);
#712=LINE('',#4409,#1011);
#713=LINE('',#4411,#1012);
#714=LINE('',#4413,#1013);
#715=LINE('',#4415,#1014);
#716=LINE('',#4419,#1015);
#717=LINE('',#4421,#1016);
#718=LINE('',#4423,#1017);
#719=LINE('',#4427,#1018);
#720=LINE('',#4429,#1019);
#721=LINE('',#4431,#1020);
#722=LINE('',#4433,#1021);
#723=LINE('',#4435,#1022);
#724=LINE('',#4437,#1023);
#725=LINE('',#4439,#1024);
#726=LINE('',#4440,#1025);
#727=LINE('',#4443,#1026);
#728=LINE('',#4445,#1027);
#729=LINE('',#4447,#1028);
#730=LINE('',#4448,#1029);
#731=LINE('',#4460,#1030);
#732=LINE('',#4461,#1031);
#733=LINE('',#4462,#1032);
#734=LINE('',#4468,#1033);
#735=LINE('',#4470,#1034);
#736=LINE('',#4472,#1035);
#737=LINE('',#4474,#1036);
#738=LINE('',#4476,#1037);
#739=LINE('',#4478,#1038);
#740=LINE('',#4480,#1039);
#741=LINE('',#4481,#1040);
#742=LINE('',#4484,#1041);
#743=LINE('',#4486,#1042);
#744=LINE('',#4487,#1043);
#745=LINE('',#4491,#1044);
#746=LINE('',#4492,#1045);
#747=LINE('',#4496,#1046);
#748=LINE('',#4498,#1047);
#749=LINE('',#4500,#1048);
#750=LINE('',#4509,#1049);
#751=LINE('',#4510,#1050);
#752=LINE('',#4511,#1051);
#753=LINE('',#4515,#1052);
#754=LINE('',#4516,#1053);
#755=LINE('',#4518,#1054);
#756=LINE('',#4520,#1055);
#757=LINE('',#4522,#1056);
#758=LINE('',#4524,#1057);
#759=LINE('',#4526,#1058);
#760=LINE('',#4528,#1059);
#761=LINE('',#4531,#1060);
#762=LINE('',#4532,#1061);
#763=LINE('',#4535,#1062);
#764=LINE('',#4537,#1063);
#765=LINE('',#4539,#1064);
#766=LINE('',#4541,#1065);
#767=LINE('',#4543,#1066);
#768=LINE('',#4545,#1067);
#769=LINE('',#4548,#1068);
#770=LINE('',#4553,#1069);
#771=LINE('',#4555,#1070);
#772=LINE('',#4559,#1071);
#773=LINE('',#4560,#1072);
#774=LINE('',#4561,#1073);
#775=LINE('',#4564,#1074);
#776=LINE('',#4565,#1075);
#777=LINE('',#4568,#1076);
#778=LINE('',#4569,#1077);
#779=LINE('',#4571,#1078);
#780=LINE('',#4574,#1079);
#781=LINE('',#4575,#1080);
#782=LINE('',#4576,#1081);
#783=LINE('',#4579,#1082);
#784=LINE('',#4580,#1083);
#785=LINE('',#4583,#1084);
#786=LINE('',#4584,#1085);
#787=LINE('',#4587,#1086);
#788=LINE('',#4588,#1087);
#789=LINE('',#4591,#1088);
#790=LINE('',#4592,#1089);
#791=LINE('',#4594,#1090);
#792=LINE('',#4596,#1091);
#793=LINE('',#4605,#1092);
#794=LINE('',#4611,#1093);
#795=LINE('',#4617,#1094);
#796=LINE('',#4623,#1095);
#797=LINE('',#4628,#1096);
#798=LINE('',#4630,#1097);
#799=LINE('',#4632,#1098);
#800=LINE('',#4633,#1099);
#801=LINE('',#4636,#1100);
#802=LINE('',#4638,#1101);
#803=LINE('',#4639,#1102);
#804=LINE('',#4642,#1103);
#805=LINE('',#4644,#1104);
#806=LINE('',#4645,#1105);
#807=LINE('',#4647,#1106);
#808=LINE('',#4648,#1107);
#809=LINE('',#4658,#1108);
#810=LINE('',#4662,#1109);
#811=LINE('',#4666,#1110);
#812=LINE('',#4668,#1111);
#813=LINE('',#4670,#1112);
#814=LINE('',#4672,#1113);
#815=LINE('',#4676,#1114);
#816=LINE('',#4680,#1115);
#817=LINE('',#4682,#1116);
#818=LINE('',#4684,#1117);
#819=LINE('',#4688,#1118);
#820=LINE('',#4690,#1119);
#821=LINE('',#4692,#1120);
#822=LINE('',#4700,#1121);
#823=LINE('',#4706,#1122);
#824=LINE('',#4707,#1123);
#825=LINE('',#4711,#1124);
#826=LINE('',#4714,#1125);
#827=LINE('',#4715,#1126);
#828=LINE('',#4718,#1127);
#829=LINE('',#4719,#1128);
#830=LINE('',#4722,#1129);
#831=LINE('',#4723,#1130);
#832=LINE('',#4727,#1131);
#833=LINE('',#4730,#1132);
#834=LINE('',#4731,#1133);
#835=LINE('',#4734,#1134);
#836=LINE('',#4735,#1135);
#837=LINE('',#4738,#1136);
#838=LINE('',#4739,#1137);
#839=LINE('',#4743,#1138);
#840=LINE('',#4746,#1139);
#841=LINE('',#4747,#1140);
#842=LINE('',#4751,#1141);
#843=LINE('',#4754,#1142);
#844=LINE('',#4755,#1143);
#845=LINE('',#4758,#1144);
#846=LINE('',#4759,#1145);
#847=LINE('',#4762,#1146);
#848=LINE('',#4763,#1147);
#849=LINE('',#4766,#1148);
#850=LINE('',#4767,#1149);
#851=LINE('',#4771,#1150);
#852=LINE('',#4774,#1151);
#853=LINE('',#4775,#1152);
#854=LINE('',#4779,#1153);
#855=LINE('',#4781,#1154);
#856=LINE('',#4788,#1155);
#857=LINE('',#4794,#1156);
#858=LINE('',#4800,#1157);
#859=LINE('',#4806,#1158);
#860=LINE('',#4811,#1159);
#861=LINE('',#4815,#1160);
#862=LINE('',#4819,#1161);
#863=LINE('',#4821,#1162);
#864=LINE('',#4822,#1163);
#865=LINE('',#4825,#1164);
#866=LINE('',#4827,#1165);
#867=LINE('',#4828,#1166);
#868=LINE('',#4831,#1167);
#869=LINE('',#4833,#1168);
#870=LINE('',#4835,#1169);
#871=LINE('',#4837,#1170);
#872=LINE('',#4838,#1171);
#873=LINE('',#4852,#1172);
#874=LINE('',#4856,#1173);
#875=LINE('',#4860,#1174);
#876=LINE('',#4864,#1175);
#877=LINE('',#4868,#1176);
#878=LINE('',#4871,#1177);
#879=LINE('',#4872,#1178);
#880=LINE('',#4875,#1179);
#881=LINE('',#4876,#1180);
#882=LINE('',#4879,#1181);
#883=LINE('',#4880,#1182);
#884=LINE('',#4883,#1183);
#885=LINE('',#4884,#1184);
#886=LINE('',#4886,#1185);
#887=LINE('',#4892,#1186);
#888=LINE('',#4898,#1187);
#889=LINE('',#4904,#1188);
#890=LINE('',#4910,#1189);
#891=LINE('',#4916,#1190);
#892=LINE('',#4921,#1191);
#893=LINE('',#4925,#1192);
#894=LINE('',#4929,#1193);
#895=LINE('',#4931,#1194);
#896=LINE('',#4932,#1195);
#897=LINE('',#4935,#1196);
#898=LINE('',#4937,#1197);
#899=LINE('',#4938,#1198);
#900=LINE('',#4941,#1199);
#901=LINE('',#4943,#1200);
#902=LINE('',#4945,#1201);
#903=LINE('',#4947,#1202);
#904=LINE('',#4948,#1203);
#905=LINE('',#4951,#1204);
#906=LINE('',#4952,#1205);
#907=LINE('',#4955,#1206);
#908=LINE('',#4956,#1207);
#909=LINE('',#4959,#1208);
#910=LINE('',#4960,#1209);
#911=LINE('',#4963,#1210);
#912=LINE('',#4964,#1211);
#913=LINE('',#4966,#1212);
#914=LINE('',#4971,#1213);
#915=LINE('',#4975,#1214);
#916=LINE('',#4977,#1215);
#917=LINE('',#4979,#1216);
#918=LINE('',#4983,#1217);
#919=LINE('',#4984,#1218);
#920=LINE('',#4991,#1219);
#921=LINE('',#4993,#1220);
#922=LINE('',#4994,#1221);
#923=LINE('',#4997,#1222);
#924=LINE('',#4998,#1223);
#925=LINE('',#5001,#1224);
#926=LINE('',#5005,#1225);
#927=LINE('',#5006,#1226);
#928=LINE('',#5010,#1227);
#929=LINE('',#5014,#1228);
#930=LINE('',#5017,#1229);
#931=LINE('',#5018,#1230);
#932=LINE('',#5022,#1231);
#933=LINE('',#5025,#1232);
#934=LINE('',#5026,#1233);
#935=LINE('',#5028,#1234);
#936=LINE('',#5033,#1235);
#937=LINE('',#5035,#1236);
#938=LINE('',#5037,#1237);
#939=LINE('',#5041,#1238);
#940=LINE('',#5043,#1239);
#941=LINE('',#5045,#1240);
#942=LINE('',#5053,#1241);
#943=LINE('',#5056,#1242);
#944=LINE('',#5059,#1243);
#945=LINE('',#5060,#1244);
#946=LINE('',#5063,#1245);
#947=LINE('',#5064,#1246);
#948=LINE('',#5067,#1247);
#949=LINE('',#5068,#1248);
#950=LINE('',#5072,#1249);
#951=LINE('',#5076,#1250);
#952=LINE('',#5079,#1251);
#953=LINE('',#5080,#1252);
#954=LINE('',#5083,#1253);
#955=LINE('',#5084,#1254);
#956=LINE('',#5087,#1255);
#957=LINE('',#5088,#1256);
#958=LINE('',#5095,#1257);
#959=LINE('',#5097,#1258);
#960=LINE('',#5099,#1259);
#961=LINE('',#5100,#1260);
#962=LINE('',#5103,#1261);
#963=LINE('',#5105,#1262);
#964=LINE('',#5106,#1263);
#965=LINE('',#5109,#1264);
#966=LINE('',#5111,#1265);
#967=LINE('',#5112,#1266);
#968=LINE('',#5114,#1267);
#969=LINE('',#5115,#1268);
#970=LINE('',#5121,#1269);
#971=LINE('',#5123,#1270);
#972=LINE('',#5125,#1271);
#973=LINE('',#5126,#1272);
#974=LINE('',#5129,#1273);
#975=LINE('',#5131,#1274);
#976=LINE('',#5132,#1275);
#977=LINE('',#5135,#1276);
#978=LINE('',#5137,#1277);
#979=LINE('',#5138,#1278);
#980=LINE('',#5140,#1279);
#981=LINE('',#5141,#1280);
#982=VECTOR('',#3422,0.94575);
#983=VECTOR('',#3427,2.07075);
#984=VECTOR('',#3432,1.8915);
#985=VECTOR('',#3437,0.94575);
#986=VECTOR('',#3442,2.07075);
#987=VECTOR('',#3447,1.8915);
#988=VECTOR('',#3452,0.94575);
#989=VECTOR('',#3457,2.07075);
#990=VECTOR('',#3462,1.8915);
#991=VECTOR('',#3467,0.94575);
#992=VECTOR('',#3472,2.07075);
#993=VECTOR('',#3477,1.8915);
#994=VECTOR('',#3482,12.9);
#995=VECTOR('',#3493,12.9);
#996=VECTOR('',#3504,4.00000005960464);
#997=VECTOR('',#3507,4.00000005960464);
#998=VECTOR('',#3512,10.);
#999=VECTOR('',#3513,10.);
#1000=VECTOR('',#3514,10.);
#1001=VECTOR('',#3515,10.);
#1002=VECTOR('',#3518,10.);
#1003=VECTOR('',#3521,10.);
#1004=VECTOR('',#3522,10.);
#1005=VECTOR('',#3525,10.);
#1006=VECTOR('',#3526,10.);
#1007=VECTOR('',#3535,10.);
#1008=VECTOR('',#3536,10.);
#1009=VECTOR('',#3537,10.);
#1010=VECTOR('',#3540,10.);
#1011=VECTOR('',#3541,10.);
#1012=VECTOR('',#3542,10.);
#1013=VECTOR('',#3543,10.);
#1014=VECTOR('',#3544,10.);
#1015=VECTOR('',#3547,10.);
#1016=VECTOR('',#3548,10.);
#1017=VECTOR('',#3549,10.);
#1018=VECTOR('',#3552,10.);
#1019=VECTOR('',#3553,10.);
#1020=VECTOR('',#3554,10.);
#1021=VECTOR('',#3555,10.);
#1022=VECTOR('',#3556,10.);
#1023=VECTOR('',#3557,10.);
#1024=VECTOR('',#3558,10.);
#1025=VECTOR('',#3559,10.);
#1026=VECTOR('',#3560,10.);
#1027=VECTOR('',#3561,10.);
#1028=VECTOR('',#3562,10.);
#1029=VECTOR('',#3563,10.);
#1030=VECTOR('',#3574,10.);
#1031=VECTOR('',#3575,10.);
#1032=VECTOR('',#3576,10.);
#1033=VECTOR('',#3581,10.);
#1034=VECTOR('',#3582,10.);
#1035=VECTOR('',#3583,10.);
#1036=VECTOR('',#3584,10.);
#1037=VECTOR('',#3585,10.);
#1038=VECTOR('',#3586,10.);
#1039=VECTOR('',#3587,10.);
#1040=VECTOR('',#3588,10.);
#1041=VECTOR('',#3591,10.);
#1042=VECTOR('',#3592,10.);
#1043=VECTOR('',#3593,10.);
#1044=VECTOR('',#3596,10.);
#1045=VECTOR('',#3597,10.);
#1046=VECTOR('',#3600,10.);
#1047=VECTOR('',#3601,10.);
#1048=VECTOR('',#3602,10.);
#1049=VECTOR('',#3611,10.);
#1050=VECTOR('',#3612,10.);
#1051=VECTOR('',#3613,10.);
#1052=VECTOR('',#3618,10.);
#1053=VECTOR('',#3619,10.);
#1054=VECTOR('',#3622,10.);
#1055=VECTOR('',#3625,10.);
#1056=VECTOR('',#3628,3.99999812245371);
#1057=VECTOR('',#3631,3.99999812245392);
#1058=VECTOR('',#3634,10.);
#1059=VECTOR('',#3637,10.);
#1060=VECTOR('',#3642,10.);
#1061=VECTOR('',#3643,10.);
#1062=VECTOR('',#3648,4.00000207126146);
#1063=VECTOR('',#3651,4.);
#1064=VECTOR('',#3654,10.);
#1065=VECTOR('',#3657,10.);
#1066=VECTOR('',#3660,10.);
#1067=VECTOR('',#3663,10.);
#1068=VECTOR('',#3666,8.5);
#1069=VECTOR('',#3673,8.5);
#1070=VECTOR('',#3676,10.);
#1071=VECTOR('',#3679,10.);
#1072=VECTOR('',#3680,10.);
#1073=VECTOR('',#3681,10.);
#1074=VECTOR('',#3684,10.);
#1075=VECTOR('',#3685,10.);
#1076=VECTOR('',#3688,10.);
#1077=VECTOR('',#3689,10.);
#1078=VECTOR('',#3692,10.);
#1079=VECTOR('',#3695,10.);
#1080=VECTOR('',#3696,10.);
#1081=VECTOR('',#3697,10.);
#1082=VECTOR('',#3702,10.);
#1083=VECTOR('',#3703,10.);
#1084=VECTOR('',#3706,10.);
#1085=VECTOR('',#3707,10.);
#1086=VECTOR('',#3710,10.);
#1087=VECTOR('',#3711,10.);
#1088=VECTOR('',#3714,10.);
#1089=VECTOR('',#3715,10.);
#1090=VECTOR('',#3718,10.);
#1091=VECTOR('',#3721,10.);
#1092=VECTOR('',#3734,2.25);
#1093=VECTOR('',#3741,2.25000000000001);
#1094=VECTOR('',#3748,2.25);
#1095=VECTOR('',#3755,2.25);
#1096=VECTOR('',#3760,10.);
#1097=VECTOR('',#3761,10.);
#1098=VECTOR('',#3762,10.);
#1099=VECTOR('',#3763,10.);
#1100=VECTOR('',#3766,10.);
#1101=VECTOR('',#3767,10.);
#1102=VECTOR('',#3768,10.);
#1103=VECTOR('',#3771,10.);
#1104=VECTOR('',#3772,10.);
#1105=VECTOR('',#3773,10.);
#1106=VECTOR('',#3776,10.);
#1107=VECTOR('',#3777,10.);
#1108=VECTOR('',#3792,10.);
#1109=VECTOR('',#3795,10.);
#1110=VECTOR('',#3798,10.);
#1111=VECTOR('',#3799,10.);
#1112=VECTOR('',#3800,10.);
#1113=VECTOR('',#3801,10.);
#1114=VECTOR('',#3804,10.);
#1115=VECTOR('',#3807,10.);
#1116=VECTOR('',#3808,10.);
#1117=VECTOR('',#3809,10.);
#1118=VECTOR('',#3812,10.);
#1119=VECTOR('',#3813,10.);
#1120=VECTOR('',#3814,10.);
#1121=VECTOR('',#3823,4.);
#1122=VECTOR('',#3830,10.);
#1123=VECTOR('',#3831,10.);
#1124=VECTOR('',#3836,10.);
#1125=VECTOR('',#3839,10.);
#1126=VECTOR('',#3840,10.);
#1127=VECTOR('',#3843,10.);
#1128=VECTOR('',#3844,10.);
#1129=VECTOR('',#3847,10.);
#1130=VECTOR('',#3848,10.);
#1131=VECTOR('',#3853,10.);
#1132=VECTOR('',#3856,10.);
#1133=VECTOR('',#3857,10.);
#1134=VECTOR('',#3860,10.);
#1135=VECTOR('',#3861,10.);
#1136=VECTOR('',#3864,10.);
#1137=VECTOR('',#3865,10.);
#1138=VECTOR('',#3870,10.);
#1139=VECTOR('',#3873,10.);
#1140=VECTOR('',#3874,10.);
#1141=VECTOR('',#3879,10.);
#1142=VECTOR('',#3882,10.);
#1143=VECTOR('',#3883,10.);
#1144=VECTOR('',#3886,10.);
#1145=VECTOR('',#3887,10.);
#1146=VECTOR('',#3890,10.);
#1147=VECTOR('',#3891,10.);
#1148=VECTOR('',#3894,10.);
#1149=VECTOR('',#3895,10.);
#1150=VECTOR('',#3900,10.);
#1151=VECTOR('',#3903,10.);
#1152=VECTOR('',#3904,10.);
#1153=VECTOR('',#3909,10.);
#1154=VECTOR('',#3912,10.);
#1155=VECTOR('',#3921,2.00000000000001);
#1156=VECTOR('',#3928,2.00000000000001);
#1157=VECTOR('',#3935,1.99999999999999);
#1158=VECTOR('',#3942,1.99999999999999);
#1159=VECTOR('',#3947,10.);
#1160=VECTOR('',#3950,10.);
#1161=VECTOR('',#3955,10.);
#1162=VECTOR('',#3956,10.);
#1163=VECTOR('',#3957,10.);
#1164=VECTOR('',#3960,10.);
#1165=VECTOR('',#3961,10.);
#1166=VECTOR('',#3962,10.);
#1167=VECTOR('',#3965,10.);
#1168=VECTOR('',#3966,10.);
#1169=VECTOR('',#3967,10.);
#1170=VECTOR('',#3968,10.);
#1171=VECTOR('',#3969,10.);
#1172=VECTOR('',#3984,3.24999999999999);
#1173=VECTOR('',#3989,1.00000000000001);
#1174=VECTOR('',#3994,1.00000000000001);
#1175=VECTOR('',#3999,1.00000000000001);
#1176=VECTOR('',#4004,1.00000000000001);
#1177=VECTOR('',#4007,10.);
#1178=VECTOR('',#4008,10.);
#1179=VECTOR('',#4011,10.);
#1180=VECTOR('',#4012,10.);
#1181=VECTOR('',#4015,10.);
#1182=VECTOR('',#4016,10.);
#1183=VECTOR('',#4019,10.);
#1184=VECTOR('',#4020,10.);
#1185=VECTOR('',#4023,10.);
#1186=VECTOR('',#4030,12.9);
#1187=VECTOR('',#4037,2.00000000000001);
#1188=VECTOR('',#4044,2.00000000000001);
#1189=VECTOR('',#4051,1.99999999999999);
#1190=VECTOR('',#4058,1.99999999999999);
#1191=VECTOR('',#4063,10.);
#1192=VECTOR('',#4066,10.);
#1193=VECTOR('',#4071,10.);
#1194=VECTOR('',#4072,10.);
#1195=VECTOR('',#4073,10.);
#1196=VECTOR('',#4076,10.);
#1197=VECTOR('',#4077,10.);
#1198=VECTOR('',#4078,10.);
#1199=VECTOR('',#4081,10.);
#1200=VECTOR('',#4082,10.);
#1201=VECTOR('',#4083,10.);
#1202=VECTOR('',#4084,10.);
#1203=VECTOR('',#4085,10.);
#1204=VECTOR('',#4088,10.);
#1205=VECTOR('',#4089,10.);
#1206=VECTOR('',#4092,10.);
#1207=VECTOR('',#4093,10.);
#1208=VECTOR('',#4096,10.);
#1209=VECTOR('',#4097,10.);
#1210=VECTOR('',#4100,10.);
#1211=VECTOR('',#4101,10.);
#1212=VECTOR('',#4104,10.);
#1213=VECTOR('',#4109,10.);
#1214=VECTOR('',#4112,10.);
#1215=VECTOR('',#4113,10.);
#1216=VECTOR('',#4114,10.);
#1217=VECTOR('',#4117,10.);
#1218=VECTOR('',#4118,10.);
#1219=VECTOR('',#4125,10.);
#1220=VECTOR('',#4126,10.);
#1221=VECTOR('',#4127,10.);
#1222=VECTOR('',#4130,10.);
#1223=VECTOR('',#4131,10.);
#1224=VECTOR('',#4134,10.);
#1225=VECTOR('',#4139,10.);
#1226=VECTOR('',#4140,10.);
#1227=VECTOR('',#4145,4.);
#1228=VECTOR('',#4150,4.00000207126146);
#1229=VECTOR('',#4153,10.);
#1230=VECTOR('',#4154,10.);
#1231=VECTOR('',#4159,10.);
#1232=VECTOR('',#4162,10.);
#1233=VECTOR('',#4163,10.);
#1234=VECTOR('',#4166,10.);
#1235=VECTOR('',#4171,10.);
#1236=VECTOR('',#4172,10.);
#1237=VECTOR('',#4173,10.);
#1238=VECTOR('',#4176,10.);
#1239=VECTOR('',#4177,10.);
#1240=VECTOR('',#4178,10.);
#1241=VECTOR('',#4187,10.);
#1242=VECTOR('',#4190,10.);
#1243=VECTOR('',#4193,10.);
#1244=VECTOR('',#4194,10.);
#1245=VECTOR('',#4197,10.);
#1246=VECTOR('',#4198,10.);
#1247=VECTOR('',#4201,10.);
#1248=VECTOR('',#4202,10.);
#1249=VECTOR('',#4207,3.99999812245392);
#1250=VECTOR('',#4212,3.99999812245371);
#1251=VECTOR('',#4215,10.);
#1252=VECTOR('',#4216,10.);
#1253=VECTOR('',#4219,10.);
#1254=VECTOR('',#4220,10.);
#1255=VECTOR('',#4223,10.);
#1256=VECTOR('',#4224,10.);
#1257=VECTOR('',#4233,10.);
#1258=VECTOR('',#4234,10.);
#1259=VECTOR('',#4235,10.);
#1260=VECTOR('',#4236,10.);
#1261=VECTOR('',#4239,10.);
#1262=VECTOR('',#4240,10.);
#1263=VECTOR('',#4241,10.);
#1264=VECTOR('',#4244,10.);
#1265=VECTOR('',#4245,10.);
#1266=VECTOR('',#4246,10.);
#1267=VECTOR('',#4249,10.);
#1268=VECTOR('',#4250,10.);
#1269=VECTOR('',#4257,10.);
#1270=VECTOR('',#4258,10.);
#1271=VECTOR('',#4259,10.);
#1272=VECTOR('',#4260,10.);
#1273=VECTOR('',#4263,10.);
#1274=VECTOR('',#4264,10.);
#1275=VECTOR('',#4265,10.);
#1276=VECTOR('',#4268,10.);
#1277=VECTOR('',#4269,10.);
#1278=VECTOR('',#4270,10.);
#1279=VECTOR('',#4273,10.);
#1280=VECTOR('',#4274,10.);
#1281=CIRCLE('',#3128,1.89155);
#1282=CIRCLE('',#3130,2.25);
#1283=CIRCLE('',#3131,1.89155);
#1284=CIRCLE('',#3134,1.89155);
#1285=CIRCLE('',#3136,2.25);
#1286=CIRCLE('',#3137,1.89155);
#1287=CIRCLE('',#3140,1.89155);
#1288=CIRCLE('',#3142,2.25);
#1289=CIRCLE('',#3143,1.89155);
#1290=CIRCLE('',#3146,1.89155);
#1291=CIRCLE('',#3148,2.25);
#1292=CIRCLE('',#3149,1.89155);
#1293=CIRCLE('',#3152,12.9);
#1294=CIRCLE('',#3153,12.9);
#1295=CIRCLE('',#3155,4.00000005960464);
#1296=CIRCLE('',#3157,12.9);
#1297=CIRCLE('',#3158,12.9);
#1298=CIRCLE('',#3160,4.00000005960464);
#1299=CIRCLE('',#3162,4.00000005960464);
#1300=CIRCLE('',#3164,4.00000005960464);
#1301=CIRCLE('',#3167,10.);
#1302=CIRCLE('',#3168,10.);
#1303=CIRCLE('',#3169,3.99999812245371);
#1304=CIRCLE('',#3170,3.99999812245392);
#1305=CIRCLE('',#3172,10.);
#1306=CIRCLE('',#3173,10.);
#1307=CIRCLE('',#3174,10.);
#1308=CIRCLE('',#3175,10.00000000002);
#1309=CIRCLE('',#3176,3.99999812245371);
#1310=CIRCLE('',#3177,4.);
#1311=CIRCLE('',#3178,4.00000207126146);
#1312=CIRCLE('',#3179,3.99999812245392);
#1313=CIRCLE('',#3181,8.5);
#1314=CIRCLE('',#3185,10.00000000002);
#1315=CIRCLE('',#3186,10.);
#1316=CIRCLE('',#3187,4.00000207126146);
#1317=CIRCLE('',#3188,4.);
#1318=CIRCLE('',#3190,8.5);
#1319=CIRCLE('',#3208,8.5);
#1320=CIRCLE('',#3210,8.5);
#1321=CIRCLE('',#3229,2.25);
#1322=CIRCLE('',#3230,2.25);
#1323=CIRCLE('',#3232,2.25000000000001);
#1324=CIRCLE('',#3233,2.25000000000001);
#1325=CIRCLE('',#3235,2.25);
#1326=CIRCLE('',#3236,2.25);
#1327=CIRCLE('',#3238,2.25);
#1328=CIRCLE('',#3239,2.25);
#1329=CIRCLE('',#3251,8.00000000000004);
#1330=CIRCLE('',#3252,10.);
#1331=CIRCLE('',#3253,10.);
#1332=CIRCLE('',#3254,9.99999999999975);
#1333=CIRCLE('',#3255,29.9999999999991);
#1334=CIRCLE('',#3256,10.);
#1335=CIRCLE('',#3257,7.99999999999999);
#1336=CIRCLE('',#3258,4.);
#1337=CIRCLE('',#3260,4.);
#1338=CIRCLE('',#3262,7.99999999999999);
#1339=CIRCLE('',#3264,10.);
#1340=CIRCLE('',#3269,29.9999999999991);
#1341=CIRCLE('',#3274,9.99999999999975);
#1342=CIRCLE('',#3277,10.);
#1343=CIRCLE('',#3283,10.);
#1344=CIRCLE('',#3286,8.00000000000004);
#1345=CIRCLE('',#3291,2.00000000000001);
#1346=CIRCLE('',#3292,2.00000000000001);
#1347=CIRCLE('',#3294,2.00000000000001);
#1348=CIRCLE('',#3295,2.00000000000001);
#1349=CIRCLE('',#3297,1.99999999999999);
#1350=CIRCLE('',#3298,1.99999999999999);
#1351=CIRCLE('',#3300,1.99999999999999);
#1352=CIRCLE('',#3301,1.99999999999999);
#1353=CIRCLE('',#3303,1.99999999999999);
#1354=CIRCLE('',#3304,1.99999999999999);
#1355=CIRCLE('',#3308,1.00000000000001);
#1356=CIRCLE('',#3309,1.00000000000001);
#1357=CIRCLE('',#3310,1.00000000000001);
#1358=CIRCLE('',#3311,1.00000000000001);
#1359=CIRCLE('',#3312,3.24999999999999);
#1360=CIRCLE('',#3314,3.24999999999999);
#1361=CIRCLE('',#3316,1.00000000000001);
#1362=CIRCLE('',#3318,1.00000000000001);
#1363=CIRCLE('',#3320,1.00000000000001);
#1364=CIRCLE('',#3322,1.00000000000001);
#1365=CIRCLE('',#3330,12.9);
#1366=CIRCLE('',#3331,12.9);
#1367=CIRCLE('',#3333,2.00000000000001);
#1368=CIRCLE('',#3334,2.00000000000001);
#1369=CIRCLE('',#3336,2.00000000000001);
#1370=CIRCLE('',#3337,2.00000000000001);
#1371=CIRCLE('',#3339,1.99999999999999);
#1372=CIRCLE('',#3340,1.99999999999999);
#1373=CIRCLE('',#3342,1.99999999999999);
#1374=CIRCLE('',#3343,1.99999999999999);
#1375=CIRCLE('',#3345,1.99999999999999);
#1376=CIRCLE('',#3346,1.99999999999999);
#1377=CIRCLE('',#3357,10.);
#1378=CIRCLE('',#3358,10.00000000002);
#1379=CIRCLE('',#3359,4.00000207126146);
#1380=CIRCLE('',#3360,4.);
#1381=CIRCLE('',#3364,10.);
#1382=CIRCLE('',#3367,4.);
#1383=CIRCLE('',#3369,4.00000207126146);
#1384=CIRCLE('',#3372,10.00000000002);
#1385=CIRCLE('',#3377,10.);
#1386=CIRCLE('',#3378,10.);
#1387=CIRCLE('',#3379,3.99999812245371);
#1388=CIRCLE('',#3380,3.99999812245392);
#1389=CIRCLE('',#3382,10.);
#1390=CIRCLE('',#3387,3.99999812245392);
#1391=CIRCLE('',#3389,3.99999812245371);
#1392=CIRCLE('',#3394,10.);
#1393=VERTEX_POINT('',#4291);
#1394=VERTEX_POINT('',#4293);
#1395=VERTEX_POINT('',#4296);
#1396=VERTEX_POINT('',#4298);
#1397=VERTEX_POINT('',#4304);
#1398=VERTEX_POINT('',#4306);
#1399=VERTEX_POINT('',#4309);
#1400=VERTEX_POINT('',#4311);
#1401=VERTEX_POINT('',#4317);
#1402=VERTEX_POINT('',#4319);
#1403=VERTEX_POINT('',#4322);
#1404=VERTEX_POINT('',#4324);
#1405=VERTEX_POINT('',#4330);
#1406=VERTEX_POINT('',#4332);
#1407=VERTEX_POINT('',#4335);
#1408=VERTEX_POINT('',#4337);
#1409=VERTEX_POINT('',#4343);
#1410=VERTEX_POINT('',#4345);
#1411=VERTEX_POINT('',#4349);
#1412=VERTEX_POINT('',#4352);
#1413=VERTEX_POINT('',#4354);
#1414=VERTEX_POINT('',#4358);
#1415=VERTEX_POINT('',#4361);
#1416=VERTEX_POINT('',#4365);
#1417=VERTEX_POINT('',#4369);
#1418=VERTEX_POINT('',#4370);
#1419=VERTEX_POINT('',#4372);
#1420=VERTEX_POINT('',#4374);
#1421=VERTEX_POINT('',#4378);
#1422=VERTEX_POINT('',#4379);
#1423=VERTEX_POINT('',#4382);
#1424=VERTEX_POINT('',#4384);
#1425=VERTEX_POINT('',#4386);
#1426=VERTEX_POINT('',#4388);
#1427=VERTEX_POINT('',#4391);
#1428=VERTEX_POINT('',#4393);
#1429=VERTEX_POINT('',#4396);
#1430=VERTEX_POINT('',#4398);
#1431=VERTEX_POINT('',#4400);
#1432=VERTEX_POINT('',#4402);
#1433=VERTEX_POINT('',#4404);
#1434=VERTEX_POINT('',#4406);
#1435=VERTEX_POINT('',#4408);
#1436=VERTEX_POINT('',#4410);
#1437=VERTEX_POINT('',#4412);
#1438=VERTEX_POINT('',#4414);
#1439=VERTEX_POINT('',#4416);
#1440=VERTEX_POINT('',#4418);
#1441=VERTEX_POINT('',#4420);
#1442=VERTEX_POINT('',#4422);
#1443=VERTEX_POINT('',#4424);
#1444=VERTEX_POINT('',#4426);
#1445=VERTEX_POINT('',#4428);
#1446=VERTEX_POINT('',#4430);
#1447=VERTEX_POINT('',#4432);
#1448=VERTEX_POINT('',#4434);
#1449=VERTEX_POINT('',#4436);
#1450=VERTEX_POINT('',#4438);
#1451=VERTEX_POINT('',#4441);
#1452=VERTEX_POINT('',#4442);
#1453=VERTEX_POINT('',#4444);
#1454=VERTEX_POINT('',#4446);
#1455=VERTEX_POINT('',#4449);
#1456=VERTEX_POINT('',#4451);
#1457=VERTEX_POINT('',#4453);
#1458=VERTEX_POINT('',#4455);
#1459=VERTEX_POINT('',#4458);
#1460=VERTEX_POINT('',#4459);
#1461=VERTEX_POINT('',#4463);
#1462=VERTEX_POINT('',#4466);
#1463=VERTEX_POINT('',#4467);
#1464=VERTEX_POINT('',#4469);
#1465=VERTEX_POINT('',#4471);
#1466=VERTEX_POINT('',#4473);
#1467=VERTEX_POINT('',#4475);
#1468=VERTEX_POINT('',#4477);
#1469=VERTEX_POINT('',#4479);
#1470=VERTEX_POINT('',#4483);
#1471=VERTEX_POINT('',#4485);
#1472=VERTEX_POINT('',#4489);
#1473=VERTEX_POINT('',#4490);
#1474=VERTEX_POINT('',#4493);
#1475=VERTEX_POINT('',#4495);
#1476=VERTEX_POINT('',#4497);
#1477=VERTEX_POINT('',#4499);
#1478=VERTEX_POINT('',#4502);
#1479=VERTEX_POINT('',#4504);
#1480=VERTEX_POINT('',#4507);
#1481=VERTEX_POINT('',#4508);
#1482=VERTEX_POINT('',#4512);
#1483=VERTEX_POINT('',#4547);
#1484=VERTEX_POINT('',#4551);
#1485=VERTEX_POINT('',#4557);
#1486=VERTEX_POINT('',#4558);
#1487=VERTEX_POINT('',#4563);
#1488=VERTEX_POINT('',#4567);
#1489=VERTEX_POINT('',#4573);
#1490=VERTEX_POINT('',#4582);
#1491=VERTEX_POINT('',#4586);
#1492=VERTEX_POINT('',#4590);
#1493=VERTEX_POINT('',#4602);
#1494=VERTEX_POINT('',#4604);
#1495=VERTEX_POINT('',#4608);
#1496=VERTEX_POINT('',#4610);
#1497=VERTEX_POINT('',#4614);
#1498=VERTEX_POINT('',#4616);
#1499=VERTEX_POINT('',#4620);
#1500=VERTEX_POINT('',#4622);
#1501=VERTEX_POINT('',#4626);
#1502=VERTEX_POINT('',#4627);
#1503=VERTEX_POINT('',#4629);
#1504=VERTEX_POINT('',#4631);
#1505=VERTEX_POINT('',#4635);
#1506=VERTEX_POINT('',#4637);
#1507=VERTEX_POINT('',#4641);
#1508=VERTEX_POINT('',#4643);
#1509=VERTEX_POINT('',#4656);
#1510=VERTEX_POINT('',#4657);
#1511=VERTEX_POINT('',#4659);
#1512=VERTEX_POINT('',#4661);
#1513=VERTEX_POINT('',#4663);
#1514=VERTEX_POINT('',#4665);
#1515=VERTEX_POINT('',#4667);
#1516=VERTEX_POINT('',#4669);
#1517=VERTEX_POINT('',#4671);
#1518=VERTEX_POINT('',#4673);
#1519=VERTEX_POINT('',#4675);
#1520=VERTEX_POINT('',#4677);
#1521=VERTEX_POINT('',#4679);
#1522=VERTEX_POINT('',#4681);
#1523=VERTEX_POINT('',#4683);
#1524=VERTEX_POINT('',#4685);
#1525=VERTEX_POINT('',#4687);
#1526=VERTEX_POINT('',#4689);
#1527=VERTEX_POINT('',#4691);
#1528=VERTEX_POINT('',#4693);
#1529=VERTEX_POINT('',#4696);
#1530=VERTEX_POINT('',#4699);
#1531=VERTEX_POINT('',#4703);
#1532=VERTEX_POINT('',#4704);
#1533=VERTEX_POINT('',#4709);
#1534=VERTEX_POINT('',#4713);
#1535=VERTEX_POINT('',#4717);
#1536=VERTEX_POINT('',#4721);
#1537=VERTEX_POINT('',#4725);
#1538=VERTEX_POINT('',#4729);
#1539=VERTEX_POINT('',#4733);
#1540=VERTEX_POINT('',#4737);
#1541=VERTEX_POINT('',#4741);
#1542=VERTEX_POINT('',#4745);
#1543=VERTEX_POINT('',#4749);
#1544=VERTEX_POINT('',#4753);
#1545=VERTEX_POINT('',#4757);
#1546=VERTEX_POINT('',#4761);
#1547=VERTEX_POINT('',#4765);
#1548=VERTEX_POINT('',#4769);
#1549=VERTEX_POINT('',#4773);
#1550=VERTEX_POINT('',#4777);
#1551=VERTEX_POINT('',#4785);
#1552=VERTEX_POINT('',#4787);
#1553=VERTEX_POINT('',#4791);
#1554=VERTEX_POINT('',#4793);
#1555=VERTEX_POINT('',#4797);
#1556=VERTEX_POINT('',#4799);
#1557=VERTEX_POINT('',#4803);
#1558=VERTEX_POINT('',#4805);
#1559=VERTEX_POINT('',#4809);
#1560=VERTEX_POINT('',#4810);
#1561=VERTEX_POINT('',#4812);
#1562=VERTEX_POINT('',#4814);
#1563=VERTEX_POINT('',#4818);
#1564=VERTEX_POINT('',#4820);
#1565=VERTEX_POINT('',#4824);
#1566=VERTEX_POINT('',#4826);
#1567=VERTEX_POINT('',#4830);
#1568=VERTEX_POINT('',#4832);
#1569=VERTEX_POINT('',#4834);
#1570=VERTEX_POINT('',#4836);
#1571=VERTEX_POINT('',#4839);
#1572=VERTEX_POINT('',#4841);
#1573=VERTEX_POINT('',#4843);
#1574=VERTEX_POINT('',#4845);
#1575=VERTEX_POINT('',#4847);
#1576=VERTEX_POINT('',#4850);
#1577=VERTEX_POINT('',#4854);
#1578=VERTEX_POINT('',#4858);
#1579=VERTEX_POINT('',#4862);
#1580=VERTEX_POINT('',#4866);
#1581=VERTEX_POINT('',#4870);
#1582=VERTEX_POINT('',#4874);
#1583=VERTEX_POINT('',#4878);
#1584=VERTEX_POINT('',#4882);
#1585=VERTEX_POINT('',#4889);
#1586=VERTEX_POINT('',#4891);
#1587=VERTEX_POINT('',#4895);
#1588=VERTEX_POINT('',#4897);
#1589=VERTEX_POINT('',#4901);
#1590=VERTEX_POINT('',#4903);
#1591=VERTEX_POINT('',#4907);
#1592=VERTEX_POINT('',#4909);
#1593=VERTEX_POINT('',#4913);
#1594=VERTEX_POINT('',#4915);
#1595=VERTEX_POINT('',#4919);
#1596=VERTEX_POINT('',#4920);
#1597=VERTEX_POINT('',#4922);
#1598=VERTEX_POINT('',#4924);
#1599=VERTEX_POINT('',#4928);
#1600=VERTEX_POINT('',#4930);
#1601=VERTEX_POINT('',#4934);
#1602=VERTEX_POINT('',#4936);
#1603=VERTEX_POINT('',#4940);
#1604=VERTEX_POINT('',#4942);
#1605=VERTEX_POINT('',#4944);
#1606=VERTEX_POINT('',#4946);
#1607=VERTEX_POINT('',#4950);
#1608=VERTEX_POINT('',#4954);
#1609=VERTEX_POINT('',#4958);
#1610=VERTEX_POINT('',#4962);
#1611=VERTEX_POINT('',#4969);
#1612=VERTEX_POINT('',#4970);
#1613=VERTEX_POINT('',#4972);
#1614=VERTEX_POINT('',#4974);
#1615=VERTEX_POINT('',#4976);
#1616=VERTEX_POINT('',#4978);
#1617=VERTEX_POINT('',#4980);
#1618=VERTEX_POINT('',#4982);
#1619=VERTEX_POINT('',#4985);
#1620=VERTEX_POINT('',#4987);
#1621=VERTEX_POINT('',#4990);
#1622=VERTEX_POINT('',#4992);
#1623=VERTEX_POINT('',#4996);
#1624=VERTEX_POINT('',#5000);
#1625=VERTEX_POINT('',#5004);
#1626=VERTEX_POINT('',#5008);
#1627=VERTEX_POINT('',#5012);
#1628=VERTEX_POINT('',#5016);
#1629=VERTEX_POINT('',#5020);
#1630=VERTEX_POINT('',#5024);
#1631=VERTEX_POINT('',#5031);
#1632=VERTEX_POINT('',#5032);
#1633=VERTEX_POINT('',#5034);
#1634=VERTEX_POINT('',#5036);
#1635=VERTEX_POINT('',#5038);
#1636=VERTEX_POINT('',#5040);
#1637=VERTEX_POINT('',#5042);
#1638=VERTEX_POINT('',#5044);
#1639=VERTEX_POINT('',#5047);
#1640=VERTEX_POINT('',#5049);
#1641=VERTEX_POINT('',#5052);
#1642=VERTEX_POINT('',#5054);
#1643=VERTEX_POINT('',#5058);
#1644=VERTEX_POINT('',#5062);
#1645=VERTEX_POINT('',#5066);
#1646=VERTEX_POINT('',#5070);
#1647=VERTEX_POINT('',#5074);
#1648=VERTEX_POINT('',#5078);
#1649=VERTEX_POINT('',#5082);
#1650=VERTEX_POINT('',#5086);
#1651=VERTEX_POINT('',#5093);
#1652=VERTEX_POINT('',#5094);
#1653=VERTEX_POINT('',#5096);
#1654=VERTEX_POINT('',#5098);
#1655=VERTEX_POINT('',#5102);
#1656=VERTEX_POINT('',#5104);
#1657=VERTEX_POINT('',#5108);
#1658=VERTEX_POINT('',#5110);
#1659=VERTEX_POINT('',#5119);
#1660=VERTEX_POINT('',#5120);
#1661=VERTEX_POINT('',#5122);
#1662=VERTEX_POINT('',#5124);
#1663=VERTEX_POINT('',#5128);
#1664=VERTEX_POINT('',#5130);
#1665=VERTEX_POINT('',#5134);
#1666=VERTEX_POINT('',#5136);
#1667=EDGE_CURVE('',#1393,#1393,#1281,.T.);
#1668=EDGE_CURVE('',#1393,#1394,#683,.T.);
#1669=EDGE_CURVE('',#1395,#1395,#1282,.T.);
#1670=EDGE_CURVE('',#1395,#1396,#684,.T.);
#1671=EDGE_CURVE('',#1396,#1396,#1283,.F.);
#1672=EDGE_CURVE('',#1396,#1393,#685,.T.);
#1673=EDGE_CURVE('',#1397,#1397,#1284,.T.);
#1674=EDGE_CURVE('',#1397,#1398,#686,.T.);
#1675=EDGE_CURVE('',#1399,#1399,#1285,.T.);
#1676=EDGE_CURVE('',#1399,#1400,#687,.T.);
#1677=EDGE_CURVE('',#1400,#1400,#1286,.F.);
#1678=EDGE_CURVE('',#1400,#1397,#688,.T.);
#1679=EDGE_CURVE('',#1401,#1401,#1287,.T.);
#1680=EDGE_CURVE('',#1401,#1402,#689,.T.);
#1681=EDGE_CURVE('',#1403,#1403,#1288,.T.);
#1682=EDGE_CURVE('',#1403,#1404,#690,.T.);
#1683=EDGE_CURVE('',#1404,#1404,#1289,.F.);
#1684=EDGE_CURVE('',#1404,#1401,#691,.T.);
#1685=EDGE_CURVE('',#1405,#1405,#1290,.T.);
#1686=EDGE_CURVE('',#1405,#1406,#692,.T.);
#1687=EDGE_CURVE('',#1407,#1407,#1291,.T.);
#1688=EDGE_CURVE('',#1407,#1408,#693,.T.);
#1689=EDGE_CURVE('',#1408,#1408,#1292,.F.);
#1690=EDGE_CURVE('',#1408,#1405,#694,.T.);
#1691=EDGE_CURVE('',#1409,#1409,#1293,.T.);
#1692=EDGE_CURVE('',#1409,#1410,#695,.T.);
#1693=EDGE_CURVE('',#1410,#1410,#1294,.T.);
#1694=EDGE_CURVE('',#1411,#1411,#1295,.T.);
#1695=EDGE_CURVE('',#1412,#1412,#1296,.T.);
#1696=EDGE_CURVE('',#1412,#1413,#696,.T.);
#1697=EDGE_CURVE('',#1413,#1413,#1297,.T.);
#1698=EDGE_CURVE('',#1414,#1414,#1298,.T.);
#1699=EDGE_CURVE('',#1415,#1415,#1299,.T.);
#1700=EDGE_CURVE('',#1415,#1414,#697,.T.);
#1701=EDGE_CURVE('',#1411,#1416,#698,.T.);
#1702=EDGE_CURVE('',#1416,#1416,#1300,.T.);
#1703=EDGE_CURVE('',#1417,#1418,#699,.T.);
#1704=EDGE_CURVE('',#1418,#1419,#700,.T.);
#1705=EDGE_CURVE('',#1420,#1419,#701,.T.);
#1706=EDGE_CURVE('',#1417,#1420,#702,.T.);
#1707=EDGE_CURVE('',#1421,#1422,#703,.T.);
#1708=EDGE_CURVE('',#1418,#1421,#1301,.T.);
#1709=EDGE_CURVE('',#1423,#1417,#704,.T.);
#1710=EDGE_CURVE('',#1424,#1423,#705,.T.);
#1711=EDGE_CURVE('',#1425,#1424,#1302,.T.);
#1712=EDGE_CURVE('',#1426,#1425,#706,.T.);
#1713=EDGE_CURVE('',#1422,#1426,#707,.T.);
#1714=EDGE_CURVE('',#1427,#1427,#1303,.T.);
#1715=EDGE_CURVE('',#1428,#1428,#1304,.T.);
#1716=EDGE_CURVE('',#1419,#1429,#1305,.T.);
#1717=EDGE_CURVE('',#1429,#1430,#708,.T.);
#1718=EDGE_CURVE('',#1430,#1431,#709,.T.);
#1719=EDGE_CURVE('',#1431,#1432,#710,.T.);
#1720=EDGE_CURVE('',#1432,#1433,#1306,.T.);
#1721=EDGE_CURVE('',#1433,#1434,#711,.T.);
#1722=EDGE_CURVE('',#1434,#1435,#712,.T.);
#1723=EDGE_CURVE('',#1435,#1436,#713,.T.);
#1724=EDGE_CURVE('',#1436,#1437,#714,.T.);
#1725=EDGE_CURVE('',#1437,#1438,#715,.T.);
#1726=EDGE_CURVE('',#1438,#1439,#1307,.T.);
#1727=EDGE_CURVE('',#1439,#1440,#716,.T.);
#1728=EDGE_CURVE('',#1440,#1441,#717,.T.);
#1729=EDGE_CURVE('',#1441,#1442,#718,.T.);
#1730=EDGE_CURVE('',#1442,#1443,#1308,.T.);
#1731=EDGE_CURVE('',#1443,#1444,#719,.T.);
#1732=EDGE_CURVE('',#1444,#1445,#720,.T.);
#1733=EDGE_CURVE('',#1445,#1446,#721,.T.);
#1734=EDGE_CURVE('',#1446,#1447,#722,.T.);
#1735=EDGE_CURVE('',#1447,#1448,#723,.T.);
#1736=EDGE_CURVE('',#1448,#1449,#724,.T.);
#1737=EDGE_CURVE('',#1449,#1450,#725,.T.);
#1738=EDGE_CURVE('',#1450,#1420,#726,.T.);
#1739=EDGE_CURVE('',#1451,#1452,#727,.T.);
#1740=EDGE_CURVE('',#1452,#1453,#728,.T.);
#1741=EDGE_CURVE('',#1453,#1454,#729,.T.);
#1742=EDGE_CURVE('',#1454,#1451,#730,.T.);
#1743=EDGE_CURVE('',#1455,#1455,#1309,.T.);
#1744=EDGE_CURVE('',#1456,#1456,#1310,.T.);
#1745=EDGE_CURVE('',#1457,#1457,#1311,.T.);
#1746=EDGE_CURVE('',#1458,#1458,#1312,.T.);
#1747=EDGE_CURVE('',#1459,#1460,#731,.T.);
#1748=EDGE_CURVE('',#1459,#1452,#732,.T.);
#1749=EDGE_CURVE('',#1460,#1451,#733,.T.);
#1750=EDGE_CURVE('',#1461,#1461,#1313,.T.);
#1751=EDGE_CURVE('',#1462,#1463,#734,.T.);
#1752=EDGE_CURVE('',#1463,#1464,#735,.T.);
#1753=EDGE_CURVE('',#1464,#1465,#736,.T.);
#1754=EDGE_CURVE('',#1465,#1466,#737,.T.);
#1755=EDGE_CURVE('',#1466,#1467,#738,.T.);
#1756=EDGE_CURVE('',#1467,#1468,#739,.T.);
#1757=EDGE_CURVE('',#1468,#1469,#740,.T.);
#1758=EDGE_CURVE('',#1469,#1462,#741,.T.);
#1759=EDGE_CURVE('',#1470,#1443,#742,.T.);
#1760=EDGE_CURVE('',#1470,#1471,#743,.T.);
#1761=EDGE_CURVE('',#1444,#1471,#744,.T.);
#1762=EDGE_CURVE('',#1472,#1473,#745,.T.);
#1763=EDGE_CURVE('',#1471,#1472,#746,.T.);
#1764=EDGE_CURVE('',#1474,#1470,#1314,.T.);
#1765=EDGE_CURVE('',#1475,#1474,#747,.T.);
#1766=EDGE_CURVE('',#1476,#1475,#748,.T.);
#1767=EDGE_CURVE('',#1477,#1476,#749,.T.);
#1768=EDGE_CURVE('',#1473,#1477,#1315,.T.);
#1769=EDGE_CURVE('',#1478,#1478,#1316,.T.);
#1770=EDGE_CURVE('',#1479,#1479,#1317,.T.);
#1771=EDGE_CURVE('',#1480,#1481,#750,.T.);
#1772=EDGE_CURVE('',#1480,#1454,#751,.T.);
#1773=EDGE_CURVE('',#1481,#1453,#752,.T.);
#1774=EDGE_CURVE('',#1482,#1482,#1318,.T.);
#1775=EDGE_CURVE('',#1425,#1432,#753,.T.);
#1776=EDGE_CURVE('',#1426,#1431,#754,.T.);
#1777=EDGE_CURVE('',#1424,#1433,#755,.T.);
#1778=EDGE_CURVE('',#1434,#1423,#756,.T.);
#1779=EDGE_CURVE('',#1455,#1427,#757,.T.);
#1780=EDGE_CURVE('',#1458,#1428,#758,.T.);
#1781=EDGE_CURVE('',#1422,#1430,#759,.T.);
#1782=EDGE_CURVE('',#1421,#1429,#760,.T.);
#1783=EDGE_CURVE('',#1474,#1442,#761,.T.);
#1784=EDGE_CURVE('',#1475,#1441,#762,.T.);
#1785=EDGE_CURVE('',#1457,#1478,#763,.T.);
#1786=EDGE_CURVE('',#1456,#1479,#764,.T.);
#1787=EDGE_CURVE('',#1476,#1440,#765,.T.);
#1788=EDGE_CURVE('',#1477,#1439,#766,.T.);
#1789=EDGE_CURVE('',#1473,#1438,#767,.T.);
#1790=EDGE_CURVE('',#1472,#1437,#768,.T.);
#1791=EDGE_CURVE('',#1461,#1483,#769,.T.);
#1792=EDGE_CURVE('',#1483,#1483,#1319,.T.);
#1793=EDGE_CURVE('',#1484,#1484,#1320,.T.);
#1794=EDGE_CURVE('',#1484,#1482,#770,.T.);
#1795=EDGE_CURVE('',#1460,#1480,#771,.T.);
#1796=EDGE_CURVE('',#1485,#1486,#772,.T.);
#1797=EDGE_CURVE('',#1485,#1447,#773,.T.);
#1798=EDGE_CURVE('',#1486,#1446,#774,.T.);
#1799=EDGE_CURVE('',#1487,#1485,#775,.T.);
#1800=EDGE_CURVE('',#1487,#1448,#776,.T.);
#1801=EDGE_CURVE('',#1488,#1487,#777,.T.);
#1802=EDGE_CURVE('',#1488,#1449,#778,.T.);
#1803=EDGE_CURVE('',#1481,#1459,#779,.T.);
#1804=EDGE_CURVE('',#1467,#1489,#780,.T.);
#1805=EDGE_CURVE('',#1486,#1489,#781,.T.);
#1806=EDGE_CURVE('',#1468,#1445,#782,.T.);
#1807=EDGE_CURVE('',#1463,#1450,#783,.T.);
#1808=EDGE_CURVE('',#1462,#1435,#784,.T.);
#1809=EDGE_CURVE('',#1490,#1488,#785,.T.);
#1810=EDGE_CURVE('',#1464,#1490,#786,.T.);
#1811=EDGE_CURVE('',#1491,#1490,#787,.T.);
#1812=EDGE_CURVE('',#1465,#1491,#788,.T.);
#1813=EDGE_CURVE('',#1492,#1491,#789,.T.);
#1814=EDGE_CURVE('',#1466,#1492,#790,.T.);
#1815=EDGE_CURVE('',#1489,#1492,#791,.T.);
#1816=EDGE_CURVE('',#1469,#1436,#792,.T.);
#1817=EDGE_CURVE('',#1493,#1493,#1321,.T.);
#1818=EDGE_CURVE('',#1493,#1494,#793,.T.);
#1819=EDGE_CURVE('',#1494,#1494,#1322,.T.);
#1820=EDGE_CURVE('',#1495,#1495,#1323,.T.);
#1821=EDGE_CURVE('',#1495,#1496,#794,.T.);
#1822=EDGE_CURVE('',#1496,#1496,#1324,.T.);
#1823=EDGE_CURVE('',#1497,#1497,#1325,.T.);
#1824=EDGE_CURVE('',#1497,#1498,#795,.T.);
#1825=EDGE_CURVE('',#1498,#1498,#1326,.T.);
#1826=EDGE_CURVE('',#1499,#1499,#1327,.T.);
#1827=EDGE_CURVE('',#1499,#1500,#796,.T.);
#1828=EDGE_CURVE('',#1500,#1500,#1328,.T.);
#1829=EDGE_CURVE('',#1501,#1502,#797,.T.);
#1830=EDGE_CURVE('',#1501,#1503,#798,.T.);
#1831=EDGE_CURVE('',#1504,#1503,#799,.T.);
#1832=EDGE_CURVE('',#1502,#1504,#800,.T.);
#1833=EDGE_CURVE('',#1502,#1505,#801,.T.);
#1834=EDGE_CURVE('',#1506,#1504,#802,.T.);
#1835=EDGE_CURVE('',#1505,#1506,#803,.T.);
#1836=EDGE_CURVE('',#1505,#1507,#804,.T.);
#1837=EDGE_CURVE('',#1508,#1506,#805,.T.);
#1838=EDGE_CURVE('',#1507,#1508,#806,.T.);
#1839=EDGE_CURVE('',#1507,#1501,#807,.T.);
#1840=EDGE_CURVE('',#1503,#1508,#808,.T.);
#1841=EDGE_CURVE('',#1509,#1510,#809,.T.);
#1842=EDGE_CURVE('',#1510,#1511,#1329,.T.);
#1843=EDGE_CURVE('',#1511,#1512,#810,.T.);
#1844=EDGE_CURVE('',#1512,#1513,#1330,.T.);
#1845=EDGE_CURVE('',#1513,#1514,#811,.T.);
#1846=EDGE_CURVE('',#1514,#1515,#812,.T.);
#1847=EDGE_CURVE('',#1515,#1516,#813,.T.);
#1848=EDGE_CURVE('',#1516,#1517,#814,.T.);
#1849=EDGE_CURVE('',#1517,#1518,#1331,.T.);
#1850=EDGE_CURVE('',#1518,#1519,#815,.T.);
#1851=EDGE_CURVE('',#1519,#1520,#1332,.T.);
#1852=EDGE_CURVE('',#1520,#1521,#816,.T.);
#1853=EDGE_CURVE('',#1521,#1522,#817,.T.);
#1854=EDGE_CURVE('',#1522,#1523,#818,.T.);
#1855=EDGE_CURVE('',#1523,#1524,#1333,.T.);
#1856=EDGE_CURVE('',#1524,#1525,#819,.T.);
#1857=EDGE_CURVE('',#1525,#1526,#820,.T.);
#1858=EDGE_CURVE('',#1526,#1527,#821,.T.);
#1859=EDGE_CURVE('',#1527,#1528,#1334,.T.);
#1860=EDGE_CURVE('',#1528,#1509,#1335,.T.);
#1861=EDGE_CURVE('',#1529,#1529,#1336,.T.);
#1862=EDGE_CURVE('',#1529,#1530,#822,.T.);
#1863=EDGE_CURVE('',#1530,#1530,#1337,.T.);
#1864=EDGE_CURVE('',#1531,#1532,#1338,.T.);
#1865=EDGE_CURVE('',#1531,#1509,#823,.T.);
#1866=EDGE_CURVE('',#1532,#1528,#824,.T.);
#1867=EDGE_CURVE('',#1533,#1532,#1339,.T.);
#1868=EDGE_CURVE('',#1533,#1527,#825,.T.);
#1869=EDGE_CURVE('',#1533,#1534,#826,.T.);
#1870=EDGE_CURVE('',#1534,#1526,#827,.T.);
#1871=EDGE_CURVE('',#1534,#1535,#828,.T.);
#1872=EDGE_CURVE('',#1535,#1525,#829,.T.);
#1873=EDGE_CURVE('',#1535,#1536,#830,.T.);
#1874=EDGE_CURVE('',#1536,#1524,#831,.T.);
#1875=EDGE_CURVE('',#1536,#1537,#1340,.T.);
#1876=EDGE_CURVE('',#1537,#1523,#832,.T.);
#1877=EDGE_CURVE('',#1537,#1538,#833,.T.);
#1878=EDGE_CURVE('',#1538,#1522,#834,.T.);
#1879=EDGE_CURVE('',#1538,#1539,#835,.T.);
#1880=EDGE_CURVE('',#1539,#1521,#836,.T.);
#1881=EDGE_CURVE('',#1539,#1540,#837,.T.);
#1882=EDGE_CURVE('',#1540,#1520,#838,.T.);
#1883=EDGE_CURVE('',#1541,#1540,#1341,.T.);
#1884=EDGE_CURVE('',#1541,#1519,#839,.T.);
#1885=EDGE_CURVE('',#1541,#1542,#840,.T.);
#1886=EDGE_CURVE('',#1542,#1518,#841,.T.);
#1887=EDGE_CURVE('',#1543,#1542,#1342,.T.);
#1888=EDGE_CURVE('',#1543,#1517,#842,.T.);
#1889=EDGE_CURVE('',#1543,#1544,#843,.T.);
#1890=EDGE_CURVE('',#1544,#1516,#844,.T.);
#1891=EDGE_CURVE('',#1544,#1545,#845,.T.);
#1892=EDGE_CURVE('',#1545,#1515,#846,.T.);
#1893=EDGE_CURVE('',#1545,#1546,#847,.T.);
#1894=EDGE_CURVE('',#1546,#1514,#848,.T.);
#1895=EDGE_CURVE('',#1547,#1546,#849,.T.);
#1896=EDGE_CURVE('',#1547,#1513,#850,.T.);
#1897=EDGE_CURVE('',#1547,#1548,#1343,.T.);
#1898=EDGE_CURVE('',#1548,#1512,#851,.T.);
#1899=EDGE_CURVE('',#1548,#1549,#852,.T.);
#1900=EDGE_CURVE('',#1549,#1511,#853,.T.);
#1901=EDGE_CURVE('',#1549,#1550,#1344,.T.);
#1902=EDGE_CURVE('',#1550,#1510,#854,.T.);
#1903=EDGE_CURVE('',#1531,#1550,#855,.T.);
#1904=EDGE_CURVE('',#1551,#1551,#1345,.T.);
#1905=EDGE_CURVE('',#1551,#1552,#856,.T.);
#1906=EDGE_CURVE('',#1552,#1552,#1346,.T.);
#1907=EDGE_CURVE('',#1553,#1553,#1347,.T.);
#1908=EDGE_CURVE('',#1553,#1554,#857,.T.);
#1909=EDGE_CURVE('',#1554,#1554,#1348,.T.);
#1910=EDGE_CURVE('',#1555,#1555,#1349,.T.);
#1911=EDGE_CURVE('',#1555,#1556,#858,.T.);
#1912=EDGE_CURVE('',#1556,#1556,#1350,.T.);
#1913=EDGE_CURVE('',#1557,#1557,#1351,.T.);
#1914=EDGE_CURVE('',#1557,#1558,#859,.T.);
#1915=EDGE_CURVE('',#1558,#1558,#1352,.T.);
#1916=EDGE_CURVE('',#1559,#1560,#860,.T.);
#1917=EDGE_CURVE('',#1561,#1559,#1353,.T.);
#1918=EDGE_CURVE('',#1562,#1561,#861,.T.);
#1919=EDGE_CURVE('',#1560,#1562,#1354,.T.);
#1920=EDGE_CURVE('',#1563,#1560,#862,.T.);
#1921=EDGE_CURVE('',#1564,#1563,#863,.T.);
#1922=EDGE_CURVE('',#1564,#1559,#864,.T.);
#1923=EDGE_CURVE('',#1561,#1565,#865,.T.);
#1924=EDGE_CURVE('',#1565,#1566,#866,.T.);
#1925=EDGE_CURVE('',#1562,#1566,#867,.T.);
#1926=EDGE_CURVE('',#1567,#1564,#868,.T.);
#1927=EDGE_CURVE('',#1568,#1567,#869,.T.);
#1928=EDGE_CURVE('',#1569,#1568,#870,.T.);
#1929=EDGE_CURVE('',#1570,#1569,#871,.T.);
#1930=EDGE_CURVE('',#1565,#1570,#872,.T.);
#1931=EDGE_CURVE('',#1571,#1571,#1355,.T.);
#1932=EDGE_CURVE('',#1572,#1572,#1356,.T.);
#1933=EDGE_CURVE('',#1573,#1573,#1357,.T.);
#1934=EDGE_CURVE('',#1574,#1574,#1358,.T.);
#1935=EDGE_CURVE('',#1575,#1575,#1359,.T.);
#1936=EDGE_CURVE('',#1576,#1576,#1360,.T.);
#1937=EDGE_CURVE('',#1576,#1575,#873,.T.);
#1938=EDGE_CURVE('',#1577,#1577,#1361,.T.);
#1939=EDGE_CURVE('',#1577,#1574,#874,.T.);
#1940=EDGE_CURVE('',#1578,#1578,#1362,.T.);
#1941=EDGE_CURVE('',#1578,#1573,#875,.T.);
#1942=EDGE_CURVE('',#1579,#1579,#1363,.T.);
#1943=EDGE_CURVE('',#1579,#1572,#876,.T.);
#1944=EDGE_CURVE('',#1580,#1580,#1364,.T.);
#1945=EDGE_CURVE('',#1580,#1571,#877,.T.);
#1946=EDGE_CURVE('',#1581,#1563,#878,.T.);
#1947=EDGE_CURVE('',#1567,#1581,#879,.T.);
#1948=EDGE_CURVE('',#1582,#1581,#880,.T.);
#1949=EDGE_CURVE('',#1568,#1582,#881,.T.);
#1950=EDGE_CURVE('',#1583,#1582,#882,.T.);
#1951=EDGE_CURVE('',#1569,#1583,#883,.T.);
#1952=EDGE_CURVE('',#1584,#1583,#884,.T.);
#1953=EDGE_CURVE('',#1570,#1584,#885,.T.);
#1954=EDGE_CURVE('',#1566,#1584,#886,.T.);
#1955=EDGE_CURVE('',#1585,#1585,#1365,.T.);
#1956=EDGE_CURVE('',#1585,#1586,#887,.T.);
#1957=EDGE_CURVE('',#1586,#1586,#1366,.T.);
#1958=EDGE_CURVE('',#1587,#1587,#1367,.T.);
#1959=EDGE_CURVE('',#1587,#1588,#888,.T.);
#1960=EDGE_CURVE('',#1588,#1588,#1368,.T.);
#1961=EDGE_CURVE('',#1589,#1589,#1369,.T.);
#1962=EDGE_CURVE('',#1589,#1590,#889,.T.);
#1963=EDGE_CURVE('',#1590,#1590,#1370,.T.);
#1964=EDGE_CURVE('',#1591,#1591,#1371,.T.);
#1965=EDGE_CURVE('',#1591,#1592,#890,.T.);
#1966=EDGE_CURVE('',#1592,#1592,#1372,.T.);
#1967=EDGE_CURVE('',#1593,#1593,#1373,.T.);
#1968=EDGE_CURVE('',#1593,#1594,#891,.T.);
#1969=EDGE_CURVE('',#1594,#1594,#1374,.T.);
#1970=EDGE_CURVE('',#1595,#1596,#892,.T.);
#1971=EDGE_CURVE('',#1597,#1595,#1375,.T.);
#1972=EDGE_CURVE('',#1598,#1597,#893,.T.);
#1973=EDGE_CURVE('',#1596,#1598,#1376,.T.);
#1974=EDGE_CURVE('',#1599,#1596,#894,.T.);
#1975=EDGE_CURVE('',#1600,#1599,#895,.T.);
#1976=EDGE_CURVE('',#1600,#1595,#896,.T.);
#1977=EDGE_CURVE('',#1597,#1601,#897,.T.);
#1978=EDGE_CURVE('',#1601,#1602,#898,.T.);
#1979=EDGE_CURVE('',#1598,#1602,#899,.T.);
#1980=EDGE_CURVE('',#1603,#1600,#900,.T.);
#1981=EDGE_CURVE('',#1604,#1603,#901,.T.);
#1982=EDGE_CURVE('',#1605,#1604,#902,.T.);
#1983=EDGE_CURVE('',#1606,#1605,#903,.T.);
#1984=EDGE_CURVE('',#1601,#1606,#904,.T.);
#1985=EDGE_CURVE('',#1607,#1599,#905,.T.);
#1986=EDGE_CURVE('',#1603,#1607,#906,.T.);
#1987=EDGE_CURVE('',#1608,#1607,#907,.T.);
#1988=EDGE_CURVE('',#1604,#1608,#908,.T.);
#1989=EDGE_CURVE('',#1609,#1608,#909,.T.);
#1990=EDGE_CURVE('',#1605,#1609,#910,.T.);
#1991=EDGE_CURVE('',#1610,#1609,#911,.T.);
#1992=EDGE_CURVE('',#1606,#1610,#912,.T.);
#1993=EDGE_CURVE('',#1602,#1610,#913,.T.);
#1994=EDGE_CURVE('',#1611,#1612,#914,.T.);
#1995=EDGE_CURVE('',#1613,#1611,#1377,.T.);
#1996=EDGE_CURVE('',#1614,#1613,#915,.T.);
#1997=EDGE_CURVE('',#1615,#1614,#916,.T.);
#1998=EDGE_CURVE('',#1616,#1615,#917,.T.);
#1999=EDGE_CURVE('',#1617,#1616,#1378,.T.);
#2000=EDGE_CURVE('',#1618,#1617,#918,.T.);
#2001=EDGE_CURVE('',#1612,#1618,#919,.T.);
#2002=EDGE_CURVE('',#1619,#1619,#1379,.T.);
#2003=EDGE_CURVE('',#1620,#1620,#1380,.T.);
#2004=EDGE_CURVE('',#1614,#1621,#920,.T.);
#2005=EDGE_CURVE('',#1622,#1621,#921,.T.);
#2006=EDGE_CURVE('',#1615,#1622,#922,.T.);
#2007=EDGE_CURVE('',#1613,#1623,#923,.T.);
#2008=EDGE_CURVE('',#1621,#1623,#924,.T.);
#2009=EDGE_CURVE('',#1611,#1624,#925,.T.);
#2010=EDGE_CURVE('',#1623,#1624,#1381,.T.);
#2011=EDGE_CURVE('',#1612,#1625,#926,.T.);
#2012=EDGE_CURVE('',#1624,#1625,#927,.T.);
#2013=EDGE_CURVE('',#1626,#1626,#1382,.T.);
#2014=EDGE_CURVE('',#1626,#1620,#928,.T.);
#2015=EDGE_CURVE('',#1627,#1627,#1383,.T.);
#2016=EDGE_CURVE('',#1627,#1619,#929,.T.);
#2017=EDGE_CURVE('',#1628,#1622,#930,.T.);
#2018=EDGE_CURVE('',#1616,#1628,#931,.T.);
#2019=EDGE_CURVE('',#1629,#1628,#1384,.T.);
#2020=EDGE_CURVE('',#1617,#1629,#932,.T.);
#2021=EDGE_CURVE('',#1630,#1629,#933,.T.);
#2022=EDGE_CURVE('',#1618,#1630,#934,.T.);
#2023=EDGE_CURVE('',#1625,#1630,#935,.T.);
#2024=EDGE_CURVE('',#1631,#1632,#936,.T.);
#2025=EDGE_CURVE('',#1633,#1631,#937,.T.);
#2026=EDGE_CURVE('',#1634,#1633,#938,.T.);
#2027=EDGE_CURVE('',#1635,#1634,#1385,.T.);
#2028=EDGE_CURVE('',#1636,#1635,#939,.T.);
#2029=EDGE_CURVE('',#1637,#1636,#940,.T.);
#2030=EDGE_CURVE('',#1638,#1637,#941,.T.);
#2031=EDGE_CURVE('',#1632,#1638,#1386,.T.);
#2032=EDGE_CURVE('',#1639,#1639,#1387,.T.);
#2033=EDGE_CURVE('',#1640,#1640,#1388,.T.);
#2034=EDGE_CURVE('',#1634,#1641,#942,.T.);
#2035=EDGE_CURVE('',#1642,#1641,#1389,.T.);
#2036=EDGE_CURVE('',#1635,#1642,#943,.T.);
#2037=EDGE_CURVE('',#1633,#1643,#944,.T.);
#2038=EDGE_CURVE('',#1641,#1643,#945,.T.);
#2039=EDGE_CURVE('',#1631,#1644,#946,.T.);
#2040=EDGE_CURVE('',#1643,#1644,#947,.T.);
#2041=EDGE_CURVE('',#1632,#1645,#948,.T.);
#2042=EDGE_CURVE('',#1644,#1645,#949,.T.);
#2043=EDGE_CURVE('',#1646,#1646,#1390,.T.);
#2044=EDGE_CURVE('',#1646,#1640,#950,.T.);
#2045=EDGE_CURVE('',#1647,#1647,#1391,.T.);
#2046=EDGE_CURVE('',#1647,#1639,#951,.T.);
#2047=EDGE_CURVE('',#1648,#1642,#952,.T.);
#2048=EDGE_CURVE('',#1636,#1648,#953,.T.);
#2049=EDGE_CURVE('',#1649,#1648,#954,.T.);
#2050=EDGE_CURVE('',#1637,#1649,#955,.T.);
#2051=EDGE_CURVE('',#1650,#1649,#956,.T.);
#2052=EDGE_CURVE('',#1638,#1650,#957,.T.);
#2053=EDGE_CURVE('',#1645,#1650,#1392,.T.);
#2054=EDGE_CURVE('',#1651,#1652,#958,.T.);
#2055=EDGE_CURVE('',#1651,#1653,#959,.T.);
#2056=EDGE_CURVE('',#1654,#1653,#960,.T.);
#2057=EDGE_CURVE('',#1652,#1654,#961,.T.);
#2058=EDGE_CURVE('',#1652,#1655,#962,.T.);
#2059=EDGE_CURVE('',#1656,#1654,#963,.T.);
#2060=EDGE_CURVE('',#1655,#1656,#964,.T.);
#2061=EDGE_CURVE('',#1657,#1655,#965,.T.);
#2062=EDGE_CURVE('',#1658,#1656,#966,.T.);
#2063=EDGE_CURVE('',#1657,#1658,#967,.T.);
#2064=EDGE_CURVE('',#1657,#1651,#968,.T.);
#2065=EDGE_CURVE('',#1653,#1658,#969,.T.);
#2066=EDGE_CURVE('',#1659,#1660,#970,.T.);
#2067=EDGE_CURVE('',#1659,#1661,#971,.T.);
#2068=EDGE_CURVE('',#1662,#1661,#972,.T.);
#2069=EDGE_CURVE('',#1660,#1662,#973,.T.);
#2070=EDGE_CURVE('',#1660,#1663,#974,.T.);
#2071=EDGE_CURVE('',#1664,#1662,#975,.T.);
#2072=EDGE_CURVE('',#1663,#1664,#976,.T.);
#2073=EDGE_CURVE('',#1665,#1663,#977,.T.);
#2074=EDGE_CURVE('',#1666,#1664,#978,.T.);
#2075=EDGE_CURVE('',#1665,#1666,#979,.T.);
#2076=EDGE_CURVE('',#1665,#1659,#980,.T.);
#2077=EDGE_CURVE('',#1661,#1666,#981,.T.);
#2078=ORIENTED_EDGE('',*,*,#1667,.F.);
#2079=ORIENTED_EDGE('',*,*,#1668,.T.);
#2080=ORIENTED_EDGE('',*,*,#1668,.F.);
#2081=ORIENTED_EDGE('',*,*,#1669,.F.);
#2082=ORIENTED_EDGE('',*,*,#1670,.T.);
#2083=ORIENTED_EDGE('',*,*,#1671,.T.);
#2084=ORIENTED_EDGE('',*,*,#1670,.F.);
#2085=ORIENTED_EDGE('',*,*,#1671,.F.);
#2086=ORIENTED_EDGE('',*,*,#1672,.T.);
#2087=ORIENTED_EDGE('',*,*,#1667,.T.);
#2088=ORIENTED_EDGE('',*,*,#1672,.F.);
#2089=ORIENTED_EDGE('',*,*,#1673,.F.);
#2090=ORIENTED_EDGE('',*,*,#1674,.T.);
#2091=ORIENTED_EDGE('',*,*,#1674,.F.);
#2092=ORIENTED_EDGE('',*,*,#1675,.F.);
#2093=ORIENTED_EDGE('',*,*,#1676,.T.);
#2094=ORIENTED_EDGE('',*,*,#1677,.T.);
#2095=ORIENTED_EDGE('',*,*,#1676,.F.);
#2096=ORIENTED_EDGE('',*,*,#1677,.F.);
#2097=ORIENTED_EDGE('',*,*,#1678,.T.);
#2098=ORIENTED_EDGE('',*,*,#1673,.T.);
#2099=ORIENTED_EDGE('',*,*,#1678,.F.);
#2100=ORIENTED_EDGE('',*,*,#1679,.F.);
#2101=ORIENTED_EDGE('',*,*,#1680,.T.);
#2102=ORIENTED_EDGE('',*,*,#1680,.F.);
#2103=ORIENTED_EDGE('',*,*,#1681,.F.);
#2104=ORIENTED_EDGE('',*,*,#1682,.T.);
#2105=ORIENTED_EDGE('',*,*,#1683,.T.);
#2106=ORIENTED_EDGE('',*,*,#1682,.F.);
#2107=ORIENTED_EDGE('',*,*,#1683,.F.);
#2108=ORIENTED_EDGE('',*,*,#1684,.T.);
#2109=ORIENTED_EDGE('',*,*,#1679,.T.);
#2110=ORIENTED_EDGE('',*,*,#1684,.F.);
#2111=ORIENTED_EDGE('',*,*,#1685,.F.);
#2112=ORIENTED_EDGE('',*,*,#1686,.T.);
#2113=ORIENTED_EDGE('',*,*,#1686,.F.);
#2114=ORIENTED_EDGE('',*,*,#1687,.F.);
#2115=ORIENTED_EDGE('',*,*,#1688,.T.);
#2116=ORIENTED_EDGE('',*,*,#1689,.T.);
#2117=ORIENTED_EDGE('',*,*,#1688,.F.);
#2118=ORIENTED_EDGE('',*,*,#1689,.F.);
#2119=ORIENTED_EDGE('',*,*,#1690,.T.);
#2120=ORIENTED_EDGE('',*,*,#1685,.T.);
#2121=ORIENTED_EDGE('',*,*,#1690,.F.);
#2122=ORIENTED_EDGE('',*,*,#1691,.F.);
#2123=ORIENTED_EDGE('',*,*,#1692,.T.);
#2124=ORIENTED_EDGE('',*,*,#1693,.T.);
#2125=ORIENTED_EDGE('',*,*,#1692,.F.);
#2126=ORIENTED_EDGE('',*,*,#1693,.F.);
#2127=ORIENTED_EDGE('',*,*,#1694,.F.);
#2128=ORIENTED_EDGE('',*,*,#1695,.F.);
#2129=ORIENTED_EDGE('',*,*,#1696,.T.);
#2130=ORIENTED_EDGE('',*,*,#1697,.T.);
#2131=ORIENTED_EDGE('',*,*,#1696,.F.);
#2132=ORIENTED_EDGE('',*,*,#1697,.F.);
#2133=ORIENTED_EDGE('',*,*,#1698,.F.);
#2134=ORIENTED_EDGE('',*,*,#1699,.F.);
#2135=ORIENTED_EDGE('',*,*,#1700,.T.);
#2136=ORIENTED_EDGE('',*,*,#1698,.T.);
#2137=ORIENTED_EDGE('',*,*,#1700,.F.);
#2138=ORIENTED_EDGE('',*,*,#1694,.T.);
#2139=ORIENTED_EDGE('',*,*,#1701,.T.);
#2140=ORIENTED_EDGE('',*,*,#1702,.F.);
#2141=ORIENTED_EDGE('',*,*,#1701,.F.);
#2142=ORIENTED_EDGE('',*,*,#1703,.T.);
#2143=ORIENTED_EDGE('',*,*,#1704,.T.);
#2144=ORIENTED_EDGE('',*,*,#1705,.F.);
#2145=ORIENTED_EDGE('',*,*,#1706,.F.);
#2146=ORIENTED_EDGE('',*,*,#1707,.F.);
#2147=ORIENTED_EDGE('',*,*,#1708,.F.);
#2148=ORIENTED_EDGE('',*,*,#1703,.F.);
#2149=ORIENTED_EDGE('',*,*,#1709,.F.);
#2150=ORIENTED_EDGE('',*,*,#1710,.F.);
#2151=ORIENTED_EDGE('',*,*,#1711,.F.);
#2152=ORIENTED_EDGE('',*,*,#1712,.F.);
#2153=ORIENTED_EDGE('',*,*,#1713,.F.);
#2154=ORIENTED_EDGE('',*,*,#1714,.F.);
#2155=ORIENTED_EDGE('',*,*,#1715,.F.);
#2156=ORIENTED_EDGE('',*,*,#1716,.T.);
#2157=ORIENTED_EDGE('',*,*,#1717,.T.);
#2158=ORIENTED_EDGE('',*,*,#1718,.T.);
#2159=ORIENTED_EDGE('',*,*,#1719,.T.);
#2160=ORIENTED_EDGE('',*,*,#1720,.T.);
#2161=ORIENTED_EDGE('',*,*,#1721,.T.);
#2162=ORIENTED_EDGE('',*,*,#1722,.T.);
#2163=ORIENTED_EDGE('',*,*,#1723,.T.);
#2164=ORIENTED_EDGE('',*,*,#1724,.T.);
#2165=ORIENTED_EDGE('',*,*,#1725,.T.);
#2166=ORIENTED_EDGE('',*,*,#1726,.T.);
#2167=ORIENTED_EDGE('',*,*,#1727,.T.);
#2168=ORIENTED_EDGE('',*,*,#1728,.T.);
#2169=ORIENTED_EDGE('',*,*,#1729,.T.);
#2170=ORIENTED_EDGE('',*,*,#1730,.T.);
#2171=ORIENTED_EDGE('',*,*,#1731,.T.);
#2172=ORIENTED_EDGE('',*,*,#1732,.T.);
#2173=ORIENTED_EDGE('',*,*,#1733,.T.);
#2174=ORIENTED_EDGE('',*,*,#1734,.T.);
#2175=ORIENTED_EDGE('',*,*,#1735,.T.);
#2176=ORIENTED_EDGE('',*,*,#1736,.T.);
#2177=ORIENTED_EDGE('',*,*,#1737,.T.);
#2178=ORIENTED_EDGE('',*,*,#1738,.T.);
#2179=ORIENTED_EDGE('',*,*,#1705,.T.);
#2180=ORIENTED_EDGE('',*,*,#1669,.T.);
#2181=ORIENTED_EDGE('',*,*,#1675,.T.);
#2182=ORIENTED_EDGE('',*,*,#1681,.T.);
#2183=ORIENTED_EDGE('',*,*,#1687,.T.);
#2184=ORIENTED_EDGE('',*,*,#1739,.T.);
#2185=ORIENTED_EDGE('',*,*,#1740,.T.);
#2186=ORIENTED_EDGE('',*,*,#1741,.T.);
#2187=ORIENTED_EDGE('',*,*,#1742,.T.);
#2188=ORIENTED_EDGE('',*,*,#1743,.T.);
#2189=ORIENTED_EDGE('',*,*,#1744,.T.);
#2190=ORIENTED_EDGE('',*,*,#1745,.T.);
#2191=ORIENTED_EDGE('',*,*,#1746,.T.);
#2192=ORIENTED_EDGE('',*,*,#1747,.F.);
#2193=ORIENTED_EDGE('',*,*,#1748,.T.);
#2194=ORIENTED_EDGE('',*,*,#1739,.F.);
#2195=ORIENTED_EDGE('',*,*,#1749,.F.);
#2196=ORIENTED_EDGE('',*,*,#1750,.T.);
#2197=ORIENTED_EDGE('',*,*,#1751,.T.);
#2198=ORIENTED_EDGE('',*,*,#1752,.T.);
#2199=ORIENTED_EDGE('',*,*,#1753,.T.);
#2200=ORIENTED_EDGE('',*,*,#1754,.T.);
#2201=ORIENTED_EDGE('',*,*,#1755,.T.);
#2202=ORIENTED_EDGE('',*,*,#1756,.T.);
#2203=ORIENTED_EDGE('',*,*,#1757,.T.);
#2204=ORIENTED_EDGE('',*,*,#1758,.T.);
#2205=ORIENTED_EDGE('',*,*,#1731,.F.);
#2206=ORIENTED_EDGE('',*,*,#1759,.F.);
#2207=ORIENTED_EDGE('',*,*,#1760,.T.);
#2208=ORIENTED_EDGE('',*,*,#1761,.F.);
#2209=ORIENTED_EDGE('',*,*,#1762,.F.);
#2210=ORIENTED_EDGE('',*,*,#1763,.F.);
#2211=ORIENTED_EDGE('',*,*,#1760,.F.);
#2212=ORIENTED_EDGE('',*,*,#1764,.F.);
#2213=ORIENTED_EDGE('',*,*,#1765,.F.);
#2214=ORIENTED_EDGE('',*,*,#1766,.F.);
#2215=ORIENTED_EDGE('',*,*,#1767,.F.);
#2216=ORIENTED_EDGE('',*,*,#1768,.F.);
#2217=ORIENTED_EDGE('',*,*,#1769,.F.);
#2218=ORIENTED_EDGE('',*,*,#1770,.F.);
#2219=ORIENTED_EDGE('',*,*,#1771,.F.);
#2220=ORIENTED_EDGE('',*,*,#1772,.T.);
#2221=ORIENTED_EDGE('',*,*,#1741,.F.);
#2222=ORIENTED_EDGE('',*,*,#1773,.F.);
#2223=ORIENTED_EDGE('',*,*,#1774,.T.);
#2224=ORIENTED_EDGE('',*,*,#1712,.T.);
#2225=ORIENTED_EDGE('',*,*,#1775,.T.);
#2226=ORIENTED_EDGE('',*,*,#1719,.F.);
#2227=ORIENTED_EDGE('',*,*,#1776,.F.);
#2228=ORIENTED_EDGE('',*,*,#1720,.F.);
#2229=ORIENTED_EDGE('',*,*,#1775,.F.);
#2230=ORIENTED_EDGE('',*,*,#1711,.T.);
#2231=ORIENTED_EDGE('',*,*,#1777,.T.);
#2232=ORIENTED_EDGE('',*,*,#1721,.F.);
#2233=ORIENTED_EDGE('',*,*,#1777,.F.);
#2234=ORIENTED_EDGE('',*,*,#1710,.T.);
#2235=ORIENTED_EDGE('',*,*,#1778,.F.);
#2236=ORIENTED_EDGE('',*,*,#1743,.F.);
#2237=ORIENTED_EDGE('',*,*,#1779,.T.);
#2238=ORIENTED_EDGE('',*,*,#1714,.T.);
#2239=ORIENTED_EDGE('',*,*,#1779,.F.);
#2240=ORIENTED_EDGE('',*,*,#1746,.F.);
#2241=ORIENTED_EDGE('',*,*,#1780,.T.);
#2242=ORIENTED_EDGE('',*,*,#1715,.T.);
#2243=ORIENTED_EDGE('',*,*,#1780,.F.);
#2244=ORIENTED_EDGE('',*,*,#1713,.T.);
#2245=ORIENTED_EDGE('',*,*,#1776,.T.);
#2246=ORIENTED_EDGE('',*,*,#1718,.F.);
#2247=ORIENTED_EDGE('',*,*,#1781,.F.);
#2248=ORIENTED_EDGE('',*,*,#1707,.T.);
#2249=ORIENTED_EDGE('',*,*,#1781,.T.);
#2250=ORIENTED_EDGE('',*,*,#1717,.F.);
#2251=ORIENTED_EDGE('',*,*,#1782,.F.);
#2252=ORIENTED_EDGE('',*,*,#1708,.T.);
#2253=ORIENTED_EDGE('',*,*,#1782,.T.);
#2254=ORIENTED_EDGE('',*,*,#1716,.F.);
#2255=ORIENTED_EDGE('',*,*,#1704,.F.);
#2256=ORIENTED_EDGE('',*,*,#1765,.T.);
#2257=ORIENTED_EDGE('',*,*,#1783,.T.);
#2258=ORIENTED_EDGE('',*,*,#1729,.F.);
#2259=ORIENTED_EDGE('',*,*,#1784,.F.);
#2260=ORIENTED_EDGE('',*,*,#1730,.F.);
#2261=ORIENTED_EDGE('',*,*,#1783,.F.);
#2262=ORIENTED_EDGE('',*,*,#1764,.T.);
#2263=ORIENTED_EDGE('',*,*,#1759,.T.);
#2264=ORIENTED_EDGE('',*,*,#1745,.F.);
#2265=ORIENTED_EDGE('',*,*,#1785,.T.);
#2266=ORIENTED_EDGE('',*,*,#1769,.T.);
#2267=ORIENTED_EDGE('',*,*,#1785,.F.);
#2268=ORIENTED_EDGE('',*,*,#1744,.F.);
#2269=ORIENTED_EDGE('',*,*,#1786,.T.);
#2270=ORIENTED_EDGE('',*,*,#1770,.T.);
#2271=ORIENTED_EDGE('',*,*,#1786,.F.);
#2272=ORIENTED_EDGE('',*,*,#1766,.T.);
#2273=ORIENTED_EDGE('',*,*,#1784,.T.);
#2274=ORIENTED_EDGE('',*,*,#1728,.F.);
#2275=ORIENTED_EDGE('',*,*,#1787,.F.);
#2276=ORIENTED_EDGE('',*,*,#1767,.T.);
#2277=ORIENTED_EDGE('',*,*,#1787,.T.);
#2278=ORIENTED_EDGE('',*,*,#1727,.F.);
#2279=ORIENTED_EDGE('',*,*,#1788,.F.);
#2280=ORIENTED_EDGE('',*,*,#1768,.T.);
#2281=ORIENTED_EDGE('',*,*,#1788,.T.);
#2282=ORIENTED_EDGE('',*,*,#1726,.F.);
#2283=ORIENTED_EDGE('',*,*,#1789,.F.);
#2284=ORIENTED_EDGE('',*,*,#1762,.T.);
#2285=ORIENTED_EDGE('',*,*,#1789,.T.);
#2286=ORIENTED_EDGE('',*,*,#1725,.F.);
#2287=ORIENTED_EDGE('',*,*,#1790,.F.);
#2288=ORIENTED_EDGE('',*,*,#1750,.F.);
#2289=ORIENTED_EDGE('',*,*,#1791,.T.);
#2290=ORIENTED_EDGE('',*,*,#1792,.F.);
#2291=ORIENTED_EDGE('',*,*,#1791,.F.);
#2292=ORIENTED_EDGE('',*,*,#1793,.F.);
#2293=ORIENTED_EDGE('',*,*,#1794,.T.);
#2294=ORIENTED_EDGE('',*,*,#1774,.F.);
#2295=ORIENTED_EDGE('',*,*,#1794,.F.);
#2296=ORIENTED_EDGE('',*,*,#1795,.F.);
#2297=ORIENTED_EDGE('',*,*,#1749,.T.);
#2298=ORIENTED_EDGE('',*,*,#1742,.F.);
#2299=ORIENTED_EDGE('',*,*,#1772,.F.);
#2300=ORIENTED_EDGE('',*,*,#1796,.F.);
#2301=ORIENTED_EDGE('',*,*,#1797,.T.);
#2302=ORIENTED_EDGE('',*,*,#1734,.F.);
#2303=ORIENTED_EDGE('',*,*,#1798,.F.);
#2304=ORIENTED_EDGE('',*,*,#1702,.T.);
#2305=ORIENTED_EDGE('',*,*,#1799,.F.);
#2306=ORIENTED_EDGE('',*,*,#1800,.T.);
#2307=ORIENTED_EDGE('',*,*,#1735,.F.);
#2308=ORIENTED_EDGE('',*,*,#1797,.F.);
#2309=ORIENTED_EDGE('',*,*,#1801,.F.);
#2310=ORIENTED_EDGE('',*,*,#1802,.T.);
#2311=ORIENTED_EDGE('',*,*,#1736,.F.);
#2312=ORIENTED_EDGE('',*,*,#1800,.F.);
#2313=ORIENTED_EDGE('',*,*,#1699,.T.);
#2314=ORIENTED_EDGE('',*,*,#1803,.F.);
#2315=ORIENTED_EDGE('',*,*,#1773,.T.);
#2316=ORIENTED_EDGE('',*,*,#1740,.F.);
#2317=ORIENTED_EDGE('',*,*,#1748,.F.);
#2318=ORIENTED_EDGE('',*,*,#1756,.F.);
#2319=ORIENTED_EDGE('',*,*,#1804,.T.);
#2320=ORIENTED_EDGE('',*,*,#1805,.F.);
#2321=ORIENTED_EDGE('',*,*,#1798,.T.);
#2322=ORIENTED_EDGE('',*,*,#1733,.F.);
#2323=ORIENTED_EDGE('',*,*,#1806,.F.);
#2324=ORIENTED_EDGE('',*,*,#1795,.T.);
#2325=ORIENTED_EDGE('',*,*,#1771,.T.);
#2326=ORIENTED_EDGE('',*,*,#1803,.T.);
#2327=ORIENTED_EDGE('',*,*,#1747,.T.);
#2328=ORIENTED_EDGE('',*,*,#1709,.T.);
#2329=ORIENTED_EDGE('',*,*,#1706,.T.);
#2330=ORIENTED_EDGE('',*,*,#1738,.F.);
#2331=ORIENTED_EDGE('',*,*,#1807,.F.);
#2332=ORIENTED_EDGE('',*,*,#1751,.F.);
#2333=ORIENTED_EDGE('',*,*,#1808,.T.);
#2334=ORIENTED_EDGE('',*,*,#1722,.F.);
#2335=ORIENTED_EDGE('',*,*,#1778,.T.);
#2336=ORIENTED_EDGE('',*,*,#1695,.T.);
#2337=ORIENTED_EDGE('',*,*,#1792,.T.);
#2338=ORIENTED_EDGE('',*,*,#1809,.F.);
#2339=ORIENTED_EDGE('',*,*,#1810,.F.);
#2340=ORIENTED_EDGE('',*,*,#1752,.F.);
#2341=ORIENTED_EDGE('',*,*,#1807,.T.);
#2342=ORIENTED_EDGE('',*,*,#1737,.F.);
#2343=ORIENTED_EDGE('',*,*,#1802,.F.);
#2344=ORIENTED_EDGE('',*,*,#1753,.F.);
#2345=ORIENTED_EDGE('',*,*,#1810,.T.);
#2346=ORIENTED_EDGE('',*,*,#1811,.F.);
#2347=ORIENTED_EDGE('',*,*,#1812,.F.);
#2348=ORIENTED_EDGE('',*,*,#1754,.F.);
#2349=ORIENTED_EDGE('',*,*,#1812,.T.);
#2350=ORIENTED_EDGE('',*,*,#1813,.F.);
#2351=ORIENTED_EDGE('',*,*,#1814,.F.);
#2352=ORIENTED_EDGE('',*,*,#1755,.F.);
#2353=ORIENTED_EDGE('',*,*,#1814,.T.);
#2354=ORIENTED_EDGE('',*,*,#1815,.F.);
#2355=ORIENTED_EDGE('',*,*,#1804,.F.);
#2356=ORIENTED_EDGE('',*,*,#1763,.T.);
#2357=ORIENTED_EDGE('',*,*,#1790,.T.);
#2358=ORIENTED_EDGE('',*,*,#1724,.F.);
#2359=ORIENTED_EDGE('',*,*,#1816,.F.);
#2360=ORIENTED_EDGE('',*,*,#1757,.F.);
#2361=ORIENTED_EDGE('',*,*,#1806,.T.);
#2362=ORIENTED_EDGE('',*,*,#1732,.F.);
#2363=ORIENTED_EDGE('',*,*,#1761,.T.);
#2364=ORIENTED_EDGE('',*,*,#1691,.T.);
#2365=ORIENTED_EDGE('',*,*,#1793,.T.);
#2366=ORIENTED_EDGE('',*,*,#1758,.F.);
#2367=ORIENTED_EDGE('',*,*,#1816,.T.);
#2368=ORIENTED_EDGE('',*,*,#1723,.F.);
#2369=ORIENTED_EDGE('',*,*,#1808,.F.);
#2370=ORIENTED_EDGE('',*,*,#1796,.T.);
#2371=ORIENTED_EDGE('',*,*,#1805,.T.);
#2372=ORIENTED_EDGE('',*,*,#1815,.T.);
#2373=ORIENTED_EDGE('',*,*,#1813,.T.);
#2374=ORIENTED_EDGE('',*,*,#1811,.T.);
#2375=ORIENTED_EDGE('',*,*,#1809,.T.);
#2376=ORIENTED_EDGE('',*,*,#1801,.T.);
#2377=ORIENTED_EDGE('',*,*,#1799,.T.);
#2378=ORIENTED_EDGE('',*,*,#1817,.F.);
#2379=ORIENTED_EDGE('',*,*,#1818,.T.);
#2380=ORIENTED_EDGE('',*,*,#1819,.F.);
#2381=ORIENTED_EDGE('',*,*,#1818,.F.);
#2382=ORIENTED_EDGE('',*,*,#1820,.F.);
#2383=ORIENTED_EDGE('',*,*,#1821,.T.);
#2384=ORIENTED_EDGE('',*,*,#1822,.F.);
#2385=ORIENTED_EDGE('',*,*,#1821,.F.);
#2386=ORIENTED_EDGE('',*,*,#1823,.F.);
#2387=ORIENTED_EDGE('',*,*,#1824,.T.);
#2388=ORIENTED_EDGE('',*,*,#1825,.F.);
#2389=ORIENTED_EDGE('',*,*,#1824,.F.);
#2390=ORIENTED_EDGE('',*,*,#1826,.F.);
#2391=ORIENTED_EDGE('',*,*,#1827,.T.);
#2392=ORIENTED_EDGE('',*,*,#1828,.F.);
#2393=ORIENTED_EDGE('',*,*,#1827,.F.);
#2394=ORIENTED_EDGE('',*,*,#1829,.F.);
#2395=ORIENTED_EDGE('',*,*,#1830,.T.);
#2396=ORIENTED_EDGE('',*,*,#1831,.F.);
#2397=ORIENTED_EDGE('',*,*,#1832,.F.);
#2398=ORIENTED_EDGE('',*,*,#1833,.F.);
#2399=ORIENTED_EDGE('',*,*,#1832,.T.);
#2400=ORIENTED_EDGE('',*,*,#1834,.F.);
#2401=ORIENTED_EDGE('',*,*,#1835,.F.);
#2402=ORIENTED_EDGE('',*,*,#1836,.F.);
#2403=ORIENTED_EDGE('',*,*,#1835,.T.);
#2404=ORIENTED_EDGE('',*,*,#1837,.F.);
#2405=ORIENTED_EDGE('',*,*,#1838,.F.);
#2406=ORIENTED_EDGE('',*,*,#1839,.F.);
#2407=ORIENTED_EDGE('',*,*,#1838,.T.);
#2408=ORIENTED_EDGE('',*,*,#1840,.F.);
#2409=ORIENTED_EDGE('',*,*,#1830,.F.);
#2410=ORIENTED_EDGE('',*,*,#1840,.T.);
#2411=ORIENTED_EDGE('',*,*,#1837,.T.);
#2412=ORIENTED_EDGE('',*,*,#1834,.T.);
#2413=ORIENTED_EDGE('',*,*,#1831,.T.);
#2414=ORIENTED_EDGE('',*,*,#1819,.T.);
#2415=ORIENTED_EDGE('',*,*,#1822,.T.);
#2416=ORIENTED_EDGE('',*,*,#1825,.T.);
#2417=ORIENTED_EDGE('',*,*,#1828,.T.);
#2418=ORIENTED_EDGE('',*,*,#1839,.T.);
#2419=ORIENTED_EDGE('',*,*,#1829,.T.);
#2420=ORIENTED_EDGE('',*,*,#1833,.T.);
#2421=ORIENTED_EDGE('',*,*,#1836,.T.);
#2422=ORIENTED_EDGE('',*,*,#1817,.T.);
#2423=ORIENTED_EDGE('',*,*,#1820,.T.);
#2424=ORIENTED_EDGE('',*,*,#1823,.T.);
#2425=ORIENTED_EDGE('',*,*,#1826,.T.);
#2426=ORIENTED_EDGE('',*,*,#1841,.T.);
#2427=ORIENTED_EDGE('',*,*,#1842,.T.);
#2428=ORIENTED_EDGE('',*,*,#1843,.T.);
#2429=ORIENTED_EDGE('',*,*,#1844,.T.);
#2430=ORIENTED_EDGE('',*,*,#1845,.T.);
#2431=ORIENTED_EDGE('',*,*,#1846,.T.);
#2432=ORIENTED_EDGE('',*,*,#1847,.T.);
#2433=ORIENTED_EDGE('',*,*,#1848,.T.);
#2434=ORIENTED_EDGE('',*,*,#1849,.T.);
#2435=ORIENTED_EDGE('',*,*,#1850,.T.);
#2436=ORIENTED_EDGE('',*,*,#1851,.T.);
#2437=ORIENTED_EDGE('',*,*,#1852,.T.);
#2438=ORIENTED_EDGE('',*,*,#1853,.T.);
#2439=ORIENTED_EDGE('',*,*,#1854,.T.);
#2440=ORIENTED_EDGE('',*,*,#1855,.T.);
#2441=ORIENTED_EDGE('',*,*,#1856,.T.);
#2442=ORIENTED_EDGE('',*,*,#1857,.T.);
#2443=ORIENTED_EDGE('',*,*,#1858,.T.);
#2444=ORIENTED_EDGE('',*,*,#1859,.T.);
#2445=ORIENTED_EDGE('',*,*,#1860,.T.);
#2446=ORIENTED_EDGE('',*,*,#1861,.T.);
#2447=ORIENTED_EDGE('',*,*,#1861,.F.);
#2448=ORIENTED_EDGE('',*,*,#1862,.T.);
#2449=ORIENTED_EDGE('',*,*,#1863,.F.);
#2450=ORIENTED_EDGE('',*,*,#1862,.F.);
#2451=ORIENTED_EDGE('',*,*,#1864,.F.);
#2452=ORIENTED_EDGE('',*,*,#1865,.T.);
#2453=ORIENTED_EDGE('',*,*,#1860,.F.);
#2454=ORIENTED_EDGE('',*,*,#1866,.F.);
#2455=ORIENTED_EDGE('',*,*,#1867,.T.);
#2456=ORIENTED_EDGE('',*,*,#1866,.T.);
#2457=ORIENTED_EDGE('',*,*,#1859,.F.);
#2458=ORIENTED_EDGE('',*,*,#1868,.F.);
#2459=ORIENTED_EDGE('',*,*,#1869,.F.);
#2460=ORIENTED_EDGE('',*,*,#1868,.T.);
#2461=ORIENTED_EDGE('',*,*,#1858,.F.);
#2462=ORIENTED_EDGE('',*,*,#1870,.F.);
#2463=ORIENTED_EDGE('',*,*,#1871,.F.);
#2464=ORIENTED_EDGE('',*,*,#1870,.T.);
#2465=ORIENTED_EDGE('',*,*,#1857,.F.);
#2466=ORIENTED_EDGE('',*,*,#1872,.F.);
#2467=ORIENTED_EDGE('',*,*,#1873,.F.);
#2468=ORIENTED_EDGE('',*,*,#1872,.T.);
#2469=ORIENTED_EDGE('',*,*,#1856,.F.);
#2470=ORIENTED_EDGE('',*,*,#1874,.F.);
#2471=ORIENTED_EDGE('',*,*,#1875,.F.);
#2472=ORIENTED_EDGE('',*,*,#1874,.T.);
#2473=ORIENTED_EDGE('',*,*,#1855,.F.);
#2474=ORIENTED_EDGE('',*,*,#1876,.F.);
#2475=ORIENTED_EDGE('',*,*,#1877,.F.);
#2476=ORIENTED_EDGE('',*,*,#1876,.T.);
#2477=ORIENTED_EDGE('',*,*,#1854,.F.);
#2478=ORIENTED_EDGE('',*,*,#1878,.F.);
#2479=ORIENTED_EDGE('',*,*,#1879,.F.);
#2480=ORIENTED_EDGE('',*,*,#1878,.T.);
#2481=ORIENTED_EDGE('',*,*,#1853,.F.);
#2482=ORIENTED_EDGE('',*,*,#1880,.F.);
#2483=ORIENTED_EDGE('',*,*,#1881,.F.);
#2484=ORIENTED_EDGE('',*,*,#1880,.T.);
#2485=ORIENTED_EDGE('',*,*,#1852,.F.);
#2486=ORIENTED_EDGE('',*,*,#1882,.F.);
#2487=ORIENTED_EDGE('',*,*,#1883,.T.);
#2488=ORIENTED_EDGE('',*,*,#1882,.T.);
#2489=ORIENTED_EDGE('',*,*,#1851,.F.);
#2490=ORIENTED_EDGE('',*,*,#1884,.F.);
#2491=ORIENTED_EDGE('',*,*,#1885,.F.);
#2492=ORIENTED_EDGE('',*,*,#1884,.T.);
#2493=ORIENTED_EDGE('',*,*,#1850,.F.);
#2494=ORIENTED_EDGE('',*,*,#1886,.F.);
#2495=ORIENTED_EDGE('',*,*,#1887,.T.);
#2496=ORIENTED_EDGE('',*,*,#1886,.T.);
#2497=ORIENTED_EDGE('',*,*,#1849,.F.);
#2498=ORIENTED_EDGE('',*,*,#1888,.F.);
#2499=ORIENTED_EDGE('',*,*,#1889,.F.);
#2500=ORIENTED_EDGE('',*,*,#1888,.T.);
#2501=ORIENTED_EDGE('',*,*,#1848,.F.);
#2502=ORIENTED_EDGE('',*,*,#1890,.F.);
#2503=ORIENTED_EDGE('',*,*,#1891,.F.);
#2504=ORIENTED_EDGE('',*,*,#1890,.T.);
#2505=ORIENTED_EDGE('',*,*,#1847,.F.);
#2506=ORIENTED_EDGE('',*,*,#1892,.F.);
#2507=ORIENTED_EDGE('',*,*,#1893,.F.);
#2508=ORIENTED_EDGE('',*,*,#1892,.T.);
#2509=ORIENTED_EDGE('',*,*,#1846,.F.);
#2510=ORIENTED_EDGE('',*,*,#1894,.F.);
#2511=ORIENTED_EDGE('',*,*,#1895,.T.);
#2512=ORIENTED_EDGE('',*,*,#1894,.T.);
#2513=ORIENTED_EDGE('',*,*,#1845,.F.);
#2514=ORIENTED_EDGE('',*,*,#1896,.F.);
#2515=ORIENTED_EDGE('',*,*,#1897,.F.);
#2516=ORIENTED_EDGE('',*,*,#1896,.T.);
#2517=ORIENTED_EDGE('',*,*,#1844,.F.);
#2518=ORIENTED_EDGE('',*,*,#1898,.F.);
#2519=ORIENTED_EDGE('',*,*,#1899,.F.);
#2520=ORIENTED_EDGE('',*,*,#1898,.T.);
#2521=ORIENTED_EDGE('',*,*,#1843,.F.);
#2522=ORIENTED_EDGE('',*,*,#1900,.F.);
#2523=ORIENTED_EDGE('',*,*,#1901,.F.);
#2524=ORIENTED_EDGE('',*,*,#1900,.T.);
#2525=ORIENTED_EDGE('',*,*,#1842,.F.);
#2526=ORIENTED_EDGE('',*,*,#1902,.F.);
#2527=ORIENTED_EDGE('',*,*,#1903,.T.);
#2528=ORIENTED_EDGE('',*,*,#1902,.T.);
#2529=ORIENTED_EDGE('',*,*,#1841,.F.);
#2530=ORIENTED_EDGE('',*,*,#1865,.F.);
#2531=ORIENTED_EDGE('',*,*,#1903,.F.);
#2532=ORIENTED_EDGE('',*,*,#1864,.T.);
#2533=ORIENTED_EDGE('',*,*,#1867,.F.);
#2534=ORIENTED_EDGE('',*,*,#1869,.T.);
#2535=ORIENTED_EDGE('',*,*,#1871,.T.);
#2536=ORIENTED_EDGE('',*,*,#1873,.T.);
#2537=ORIENTED_EDGE('',*,*,#1875,.T.);
#2538=ORIENTED_EDGE('',*,*,#1877,.T.);
#2539=ORIENTED_EDGE('',*,*,#1879,.T.);
#2540=ORIENTED_EDGE('',*,*,#1881,.T.);
#2541=ORIENTED_EDGE('',*,*,#1883,.F.);
#2542=ORIENTED_EDGE('',*,*,#1885,.T.);
#2543=ORIENTED_EDGE('',*,*,#1887,.F.);
#2544=ORIENTED_EDGE('',*,*,#1889,.T.);
#2545=ORIENTED_EDGE('',*,*,#1891,.T.);
#2546=ORIENTED_EDGE('',*,*,#1893,.T.);
#2547=ORIENTED_EDGE('',*,*,#1895,.F.);
#2548=ORIENTED_EDGE('',*,*,#1897,.T.);
#2549=ORIENTED_EDGE('',*,*,#1899,.T.);
#2550=ORIENTED_EDGE('',*,*,#1901,.T.);
#2551=ORIENTED_EDGE('',*,*,#1863,.T.);
#2552=ORIENTED_EDGE('',*,*,#1904,.F.);
#2553=ORIENTED_EDGE('',*,*,#1905,.T.);
#2554=ORIENTED_EDGE('',*,*,#1906,.F.);
#2555=ORIENTED_EDGE('',*,*,#1905,.F.);
#2556=ORIENTED_EDGE('',*,*,#1907,.F.);
#2557=ORIENTED_EDGE('',*,*,#1908,.T.);
#2558=ORIENTED_EDGE('',*,*,#1909,.F.);
#2559=ORIENTED_EDGE('',*,*,#1908,.F.);
#2560=ORIENTED_EDGE('',*,*,#1910,.F.);
#2561=ORIENTED_EDGE('',*,*,#1911,.T.);
#2562=ORIENTED_EDGE('',*,*,#1912,.F.);
#2563=ORIENTED_EDGE('',*,*,#1911,.F.);
#2564=ORIENTED_EDGE('',*,*,#1913,.F.);
#2565=ORIENTED_EDGE('',*,*,#1914,.T.);
#2566=ORIENTED_EDGE('',*,*,#1915,.F.);
#2567=ORIENTED_EDGE('',*,*,#1914,.F.);
#2568=ORIENTED_EDGE('',*,*,#1916,.F.);
#2569=ORIENTED_EDGE('',*,*,#1917,.F.);
#2570=ORIENTED_EDGE('',*,*,#1918,.F.);
#2571=ORIENTED_EDGE('',*,*,#1919,.F.);
#2572=ORIENTED_EDGE('',*,*,#1916,.T.);
#2573=ORIENTED_EDGE('',*,*,#1920,.F.);
#2574=ORIENTED_EDGE('',*,*,#1921,.F.);
#2575=ORIENTED_EDGE('',*,*,#1922,.T.);
#2576=ORIENTED_EDGE('',*,*,#1918,.T.);
#2577=ORIENTED_EDGE('',*,*,#1923,.T.);
#2578=ORIENTED_EDGE('',*,*,#1924,.T.);
#2579=ORIENTED_EDGE('',*,*,#1925,.F.);
#2580=ORIENTED_EDGE('',*,*,#1917,.T.);
#2581=ORIENTED_EDGE('',*,*,#1922,.F.);
#2582=ORIENTED_EDGE('',*,*,#1926,.F.);
#2583=ORIENTED_EDGE('',*,*,#1927,.F.);
#2584=ORIENTED_EDGE('',*,*,#1928,.F.);
#2585=ORIENTED_EDGE('',*,*,#1929,.F.);
#2586=ORIENTED_EDGE('',*,*,#1930,.F.);
#2587=ORIENTED_EDGE('',*,*,#1923,.F.);
#2588=ORIENTED_EDGE('',*,*,#1931,.T.);
#2589=ORIENTED_EDGE('',*,*,#1932,.T.);
#2590=ORIENTED_EDGE('',*,*,#1933,.T.);
#2591=ORIENTED_EDGE('',*,*,#1934,.T.);
#2592=ORIENTED_EDGE('',*,*,#1935,.T.);
#2593=ORIENTED_EDGE('',*,*,#1913,.T.);
#2594=ORIENTED_EDGE('',*,*,#1910,.T.);
#2595=ORIENTED_EDGE('',*,*,#1907,.T.);
#2596=ORIENTED_EDGE('',*,*,#1904,.T.);
#2597=ORIENTED_EDGE('',*,*,#1936,.F.);
#2598=ORIENTED_EDGE('',*,*,#1937,.T.);
#2599=ORIENTED_EDGE('',*,*,#1935,.F.);
#2600=ORIENTED_EDGE('',*,*,#1937,.F.);
#2601=ORIENTED_EDGE('',*,*,#1938,.F.);
#2602=ORIENTED_EDGE('',*,*,#1939,.T.);
#2603=ORIENTED_EDGE('',*,*,#1934,.F.);
#2604=ORIENTED_EDGE('',*,*,#1939,.F.);
#2605=ORIENTED_EDGE('',*,*,#1940,.F.);
#2606=ORIENTED_EDGE('',*,*,#1941,.T.);
#2607=ORIENTED_EDGE('',*,*,#1933,.F.);
#2608=ORIENTED_EDGE('',*,*,#1941,.F.);
#2609=ORIENTED_EDGE('',*,*,#1942,.F.);
#2610=ORIENTED_EDGE('',*,*,#1943,.T.);
#2611=ORIENTED_EDGE('',*,*,#1932,.F.);
#2612=ORIENTED_EDGE('',*,*,#1943,.F.);
#2613=ORIENTED_EDGE('',*,*,#1944,.F.);
#2614=ORIENTED_EDGE('',*,*,#1945,.T.);
#2615=ORIENTED_EDGE('',*,*,#1931,.F.);
#2616=ORIENTED_EDGE('',*,*,#1945,.F.);
#2617=ORIENTED_EDGE('',*,*,#1926,.T.);
#2618=ORIENTED_EDGE('',*,*,#1921,.T.);
#2619=ORIENTED_EDGE('',*,*,#1946,.F.);
#2620=ORIENTED_EDGE('',*,*,#1947,.F.);
#2621=ORIENTED_EDGE('',*,*,#1927,.T.);
#2622=ORIENTED_EDGE('',*,*,#1947,.T.);
#2623=ORIENTED_EDGE('',*,*,#1948,.F.);
#2624=ORIENTED_EDGE('',*,*,#1949,.F.);
#2625=ORIENTED_EDGE('',*,*,#1928,.T.);
#2626=ORIENTED_EDGE('',*,*,#1949,.T.);
#2627=ORIENTED_EDGE('',*,*,#1950,.F.);
#2628=ORIENTED_EDGE('',*,*,#1951,.F.);
#2629=ORIENTED_EDGE('',*,*,#1929,.T.);
#2630=ORIENTED_EDGE('',*,*,#1951,.T.);
#2631=ORIENTED_EDGE('',*,*,#1952,.F.);
#2632=ORIENTED_EDGE('',*,*,#1953,.F.);
#2633=ORIENTED_EDGE('',*,*,#1930,.T.);
#2634=ORIENTED_EDGE('',*,*,#1953,.T.);
#2635=ORIENTED_EDGE('',*,*,#1954,.F.);
#2636=ORIENTED_EDGE('',*,*,#1924,.F.);
#2637=ORIENTED_EDGE('',*,*,#1919,.T.);
#2638=ORIENTED_EDGE('',*,*,#1925,.T.);
#2639=ORIENTED_EDGE('',*,*,#1954,.T.);
#2640=ORIENTED_EDGE('',*,*,#1952,.T.);
#2641=ORIENTED_EDGE('',*,*,#1950,.T.);
#2642=ORIENTED_EDGE('',*,*,#1948,.T.);
#2643=ORIENTED_EDGE('',*,*,#1946,.T.);
#2644=ORIENTED_EDGE('',*,*,#1920,.T.);
#2645=ORIENTED_EDGE('',*,*,#1906,.T.);
#2646=ORIENTED_EDGE('',*,*,#1909,.T.);
#2647=ORIENTED_EDGE('',*,*,#1912,.T.);
#2648=ORIENTED_EDGE('',*,*,#1915,.T.);
#2649=ORIENTED_EDGE('',*,*,#1936,.T.);
#2650=ORIENTED_EDGE('',*,*,#1938,.T.);
#2651=ORIENTED_EDGE('',*,*,#1940,.T.);
#2652=ORIENTED_EDGE('',*,*,#1942,.T.);
#2653=ORIENTED_EDGE('',*,*,#1944,.T.);
#2654=ORIENTED_EDGE('',*,*,#1955,.F.);
#2655=ORIENTED_EDGE('',*,*,#1956,.T.);
#2656=ORIENTED_EDGE('',*,*,#1957,.F.);
#2657=ORIENTED_EDGE('',*,*,#1956,.F.);
#2658=ORIENTED_EDGE('',*,*,#1958,.F.);
#2659=ORIENTED_EDGE('',*,*,#1959,.T.);
#2660=ORIENTED_EDGE('',*,*,#1960,.F.);
#2661=ORIENTED_EDGE('',*,*,#1959,.F.);
#2662=ORIENTED_EDGE('',*,*,#1961,.F.);
#2663=ORIENTED_EDGE('',*,*,#1962,.T.);
#2664=ORIENTED_EDGE('',*,*,#1963,.F.);
#2665=ORIENTED_EDGE('',*,*,#1962,.F.);
#2666=ORIENTED_EDGE('',*,*,#1964,.F.);
#2667=ORIENTED_EDGE('',*,*,#1965,.T.);
#2668=ORIENTED_EDGE('',*,*,#1966,.F.);
#2669=ORIENTED_EDGE('',*,*,#1965,.F.);
#2670=ORIENTED_EDGE('',*,*,#1967,.F.);
#2671=ORIENTED_EDGE('',*,*,#1968,.T.);
#2672=ORIENTED_EDGE('',*,*,#1969,.F.);
#2673=ORIENTED_EDGE('',*,*,#1968,.F.);
#2674=ORIENTED_EDGE('',*,*,#1970,.F.);
#2675=ORIENTED_EDGE('',*,*,#1971,.F.);
#2676=ORIENTED_EDGE('',*,*,#1972,.F.);
#2677=ORIENTED_EDGE('',*,*,#1973,.F.);
#2678=ORIENTED_EDGE('',*,*,#1970,.T.);
#2679=ORIENTED_EDGE('',*,*,#1974,.F.);
#2680=ORIENTED_EDGE('',*,*,#1975,.F.);
#2681=ORIENTED_EDGE('',*,*,#1976,.T.);
#2682=ORIENTED_EDGE('',*,*,#1972,.T.);
#2683=ORIENTED_EDGE('',*,*,#1977,.T.);
#2684=ORIENTED_EDGE('',*,*,#1978,.T.);
#2685=ORIENTED_EDGE('',*,*,#1979,.F.);
#2686=ORIENTED_EDGE('',*,*,#1971,.T.);
#2687=ORIENTED_EDGE('',*,*,#1976,.F.);
#2688=ORIENTED_EDGE('',*,*,#1980,.F.);
#2689=ORIENTED_EDGE('',*,*,#1981,.F.);
#2690=ORIENTED_EDGE('',*,*,#1982,.F.);
#2691=ORIENTED_EDGE('',*,*,#1983,.F.);
#2692=ORIENTED_EDGE('',*,*,#1984,.F.);
#2693=ORIENTED_EDGE('',*,*,#1977,.F.);
#2694=ORIENTED_EDGE('',*,*,#1957,.T.);
#2695=ORIENTED_EDGE('',*,*,#1967,.T.);
#2696=ORIENTED_EDGE('',*,*,#1964,.T.);
#2697=ORIENTED_EDGE('',*,*,#1961,.T.);
#2698=ORIENTED_EDGE('',*,*,#1958,.T.);
#2699=ORIENTED_EDGE('',*,*,#1980,.T.);
#2700=ORIENTED_EDGE('',*,*,#1975,.T.);
#2701=ORIENTED_EDGE('',*,*,#1985,.F.);
#2702=ORIENTED_EDGE('',*,*,#1986,.F.);
#2703=ORIENTED_EDGE('',*,*,#1981,.T.);
#2704=ORIENTED_EDGE('',*,*,#1986,.T.);
#2705=ORIENTED_EDGE('',*,*,#1987,.F.);
#2706=ORIENTED_EDGE('',*,*,#1988,.F.);
#2707=ORIENTED_EDGE('',*,*,#1982,.T.);
#2708=ORIENTED_EDGE('',*,*,#1988,.T.);
#2709=ORIENTED_EDGE('',*,*,#1989,.F.);
#2710=ORIENTED_EDGE('',*,*,#1990,.F.);
#2711=ORIENTED_EDGE('',*,*,#1983,.T.);
#2712=ORIENTED_EDGE('',*,*,#1990,.T.);
#2713=ORIENTED_EDGE('',*,*,#1991,.F.);
#2714=ORIENTED_EDGE('',*,*,#1992,.F.);
#2715=ORIENTED_EDGE('',*,*,#1984,.T.);
#2716=ORIENTED_EDGE('',*,*,#1992,.T.);
#2717=ORIENTED_EDGE('',*,*,#1993,.F.);
#2718=ORIENTED_EDGE('',*,*,#1978,.F.);
#2719=ORIENTED_EDGE('',*,*,#1973,.T.);
#2720=ORIENTED_EDGE('',*,*,#1979,.T.);
#2721=ORIENTED_EDGE('',*,*,#1993,.T.);
#2722=ORIENTED_EDGE('',*,*,#1991,.T.);
#2723=ORIENTED_EDGE('',*,*,#1989,.T.);
#2724=ORIENTED_EDGE('',*,*,#1987,.T.);
#2725=ORIENTED_EDGE('',*,*,#1985,.T.);
#2726=ORIENTED_EDGE('',*,*,#1974,.T.);
#2727=ORIENTED_EDGE('',*,*,#1955,.T.);
#2728=ORIENTED_EDGE('',*,*,#1960,.T.);
#2729=ORIENTED_EDGE('',*,*,#1963,.T.);
#2730=ORIENTED_EDGE('',*,*,#1966,.T.);
#2731=ORIENTED_EDGE('',*,*,#1969,.T.);
#2732=ORIENTED_EDGE('',*,*,#1994,.F.);
#2733=ORIENTED_EDGE('',*,*,#1995,.F.);
#2734=ORIENTED_EDGE('',*,*,#1996,.F.);
#2735=ORIENTED_EDGE('',*,*,#1997,.F.);
#2736=ORIENTED_EDGE('',*,*,#1998,.F.);
#2737=ORIENTED_EDGE('',*,*,#1999,.F.);
#2738=ORIENTED_EDGE('',*,*,#2000,.F.);
#2739=ORIENTED_EDGE('',*,*,#2001,.F.);
#2740=ORIENTED_EDGE('',*,*,#2002,.F.);
#2741=ORIENTED_EDGE('',*,*,#2003,.F.);
#2742=ORIENTED_EDGE('',*,*,#1997,.T.);
#2743=ORIENTED_EDGE('',*,*,#2004,.T.);
#2744=ORIENTED_EDGE('',*,*,#2005,.F.);
#2745=ORIENTED_EDGE('',*,*,#2006,.F.);
#2746=ORIENTED_EDGE('',*,*,#1996,.T.);
#2747=ORIENTED_EDGE('',*,*,#2007,.T.);
#2748=ORIENTED_EDGE('',*,*,#2008,.F.);
#2749=ORIENTED_EDGE('',*,*,#2004,.F.);
#2750=ORIENTED_EDGE('',*,*,#1995,.T.);
#2751=ORIENTED_EDGE('',*,*,#2009,.T.);
#2752=ORIENTED_EDGE('',*,*,#2010,.F.);
#2753=ORIENTED_EDGE('',*,*,#2007,.F.);
#2754=ORIENTED_EDGE('',*,*,#1994,.T.);
#2755=ORIENTED_EDGE('',*,*,#2011,.T.);
#2756=ORIENTED_EDGE('',*,*,#2012,.F.);
#2757=ORIENTED_EDGE('',*,*,#2009,.F.);
#2758=ORIENTED_EDGE('',*,*,#2013,.F.);
#2759=ORIENTED_EDGE('',*,*,#2014,.T.);
#2760=ORIENTED_EDGE('',*,*,#2003,.T.);
#2761=ORIENTED_EDGE('',*,*,#2014,.F.);
#2762=ORIENTED_EDGE('',*,*,#2015,.F.);
#2763=ORIENTED_EDGE('',*,*,#2016,.T.);
#2764=ORIENTED_EDGE('',*,*,#2002,.T.);
#2765=ORIENTED_EDGE('',*,*,#2016,.F.);
#2766=ORIENTED_EDGE('',*,*,#1998,.T.);
#2767=ORIENTED_EDGE('',*,*,#2006,.T.);
#2768=ORIENTED_EDGE('',*,*,#2017,.F.);
#2769=ORIENTED_EDGE('',*,*,#2018,.F.);
#2770=ORIENTED_EDGE('',*,*,#1999,.T.);
#2771=ORIENTED_EDGE('',*,*,#2018,.T.);
#2772=ORIENTED_EDGE('',*,*,#2019,.F.);
#2773=ORIENTED_EDGE('',*,*,#2020,.F.);
#2774=ORIENTED_EDGE('',*,*,#2000,.T.);
#2775=ORIENTED_EDGE('',*,*,#2020,.T.);
#2776=ORIENTED_EDGE('',*,*,#2021,.F.);
#2777=ORIENTED_EDGE('',*,*,#2022,.F.);
#2778=ORIENTED_EDGE('',*,*,#2001,.T.);
#2779=ORIENTED_EDGE('',*,*,#2022,.T.);
#2780=ORIENTED_EDGE('',*,*,#2023,.F.);
#2781=ORIENTED_EDGE('',*,*,#2011,.F.);
#2782=ORIENTED_EDGE('',*,*,#2012,.T.);
#2783=ORIENTED_EDGE('',*,*,#2023,.T.);
#2784=ORIENTED_EDGE('',*,*,#2021,.T.);
#2785=ORIENTED_EDGE('',*,*,#2019,.T.);
#2786=ORIENTED_EDGE('',*,*,#2017,.T.);
#2787=ORIENTED_EDGE('',*,*,#2005,.T.);
#2788=ORIENTED_EDGE('',*,*,#2008,.T.);
#2789=ORIENTED_EDGE('',*,*,#2010,.T.);
#2790=ORIENTED_EDGE('',*,*,#2015,.T.);
#2791=ORIENTED_EDGE('',*,*,#2013,.T.);
#2792=ORIENTED_EDGE('',*,*,#2024,.F.);
#2793=ORIENTED_EDGE('',*,*,#2025,.F.);
#2794=ORIENTED_EDGE('',*,*,#2026,.F.);
#2795=ORIENTED_EDGE('',*,*,#2027,.F.);
#2796=ORIENTED_EDGE('',*,*,#2028,.F.);
#2797=ORIENTED_EDGE('',*,*,#2029,.F.);
#2798=ORIENTED_EDGE('',*,*,#2030,.F.);
#2799=ORIENTED_EDGE('',*,*,#2031,.F.);
#2800=ORIENTED_EDGE('',*,*,#2032,.F.);
#2801=ORIENTED_EDGE('',*,*,#2033,.F.);
#2802=ORIENTED_EDGE('',*,*,#2027,.T.);
#2803=ORIENTED_EDGE('',*,*,#2034,.T.);
#2804=ORIENTED_EDGE('',*,*,#2035,.F.);
#2805=ORIENTED_EDGE('',*,*,#2036,.F.);
#2806=ORIENTED_EDGE('',*,*,#2026,.T.);
#2807=ORIENTED_EDGE('',*,*,#2037,.T.);
#2808=ORIENTED_EDGE('',*,*,#2038,.F.);
#2809=ORIENTED_EDGE('',*,*,#2034,.F.);
#2810=ORIENTED_EDGE('',*,*,#2025,.T.);
#2811=ORIENTED_EDGE('',*,*,#2039,.T.);
#2812=ORIENTED_EDGE('',*,*,#2040,.F.);
#2813=ORIENTED_EDGE('',*,*,#2037,.F.);
#2814=ORIENTED_EDGE('',*,*,#2024,.T.);
#2815=ORIENTED_EDGE('',*,*,#2041,.T.);
#2816=ORIENTED_EDGE('',*,*,#2042,.F.);
#2817=ORIENTED_EDGE('',*,*,#2039,.F.);
#2818=ORIENTED_EDGE('',*,*,#2043,.F.);
#2819=ORIENTED_EDGE('',*,*,#2044,.T.);
#2820=ORIENTED_EDGE('',*,*,#2033,.T.);
#2821=ORIENTED_EDGE('',*,*,#2044,.F.);
#2822=ORIENTED_EDGE('',*,*,#2045,.F.);
#2823=ORIENTED_EDGE('',*,*,#2046,.T.);
#2824=ORIENTED_EDGE('',*,*,#2032,.T.);
#2825=ORIENTED_EDGE('',*,*,#2046,.F.);
#2826=ORIENTED_EDGE('',*,*,#2028,.T.);
#2827=ORIENTED_EDGE('',*,*,#2036,.T.);
#2828=ORIENTED_EDGE('',*,*,#2047,.F.);
#2829=ORIENTED_EDGE('',*,*,#2048,.F.);
#2830=ORIENTED_EDGE('',*,*,#2029,.T.);
#2831=ORIENTED_EDGE('',*,*,#2048,.T.);
#2832=ORIENTED_EDGE('',*,*,#2049,.F.);
#2833=ORIENTED_EDGE('',*,*,#2050,.F.);
#2834=ORIENTED_EDGE('',*,*,#2030,.T.);
#2835=ORIENTED_EDGE('',*,*,#2050,.T.);
#2836=ORIENTED_EDGE('',*,*,#2051,.F.);
#2837=ORIENTED_EDGE('',*,*,#2052,.F.);
#2838=ORIENTED_EDGE('',*,*,#2031,.T.);
#2839=ORIENTED_EDGE('',*,*,#2052,.T.);
#2840=ORIENTED_EDGE('',*,*,#2053,.F.);
#2841=ORIENTED_EDGE('',*,*,#2041,.F.);
#2842=ORIENTED_EDGE('',*,*,#2042,.T.);
#2843=ORIENTED_EDGE('',*,*,#2053,.T.);
#2844=ORIENTED_EDGE('',*,*,#2051,.T.);
#2845=ORIENTED_EDGE('',*,*,#2049,.T.);
#2846=ORIENTED_EDGE('',*,*,#2047,.T.);
#2847=ORIENTED_EDGE('',*,*,#2035,.T.);
#2848=ORIENTED_EDGE('',*,*,#2038,.T.);
#2849=ORIENTED_EDGE('',*,*,#2040,.T.);
#2850=ORIENTED_EDGE('',*,*,#2045,.T.);
#2851=ORIENTED_EDGE('',*,*,#2043,.T.);
#2852=ORIENTED_EDGE('',*,*,#2054,.F.);
#2853=ORIENTED_EDGE('',*,*,#2055,.T.);
#2854=ORIENTED_EDGE('',*,*,#2056,.F.);
#2855=ORIENTED_EDGE('',*,*,#2057,.F.);
#2856=ORIENTED_EDGE('',*,*,#2058,.F.);
#2857=ORIENTED_EDGE('',*,*,#2057,.T.);
#2858=ORIENTED_EDGE('',*,*,#2059,.F.);
#2859=ORIENTED_EDGE('',*,*,#2060,.F.);
#2860=ORIENTED_EDGE('',*,*,#2061,.T.);
#2861=ORIENTED_EDGE('',*,*,#2060,.T.);
#2862=ORIENTED_EDGE('',*,*,#2062,.F.);
#2863=ORIENTED_EDGE('',*,*,#2063,.F.);
#2864=ORIENTED_EDGE('',*,*,#2064,.F.);
#2865=ORIENTED_EDGE('',*,*,#2063,.T.);
#2866=ORIENTED_EDGE('',*,*,#2065,.F.);
#2867=ORIENTED_EDGE('',*,*,#2055,.F.);
#2868=ORIENTED_EDGE('',*,*,#2065,.T.);
#2869=ORIENTED_EDGE('',*,*,#2062,.T.);
#2870=ORIENTED_EDGE('',*,*,#2059,.T.);
#2871=ORIENTED_EDGE('',*,*,#2056,.T.);
#2872=ORIENTED_EDGE('',*,*,#2064,.T.);
#2873=ORIENTED_EDGE('',*,*,#2054,.T.);
#2874=ORIENTED_EDGE('',*,*,#2058,.T.);
#2875=ORIENTED_EDGE('',*,*,#2061,.F.);
#2876=ORIENTED_EDGE('',*,*,#2066,.F.);
#2877=ORIENTED_EDGE('',*,*,#2067,.T.);
#2878=ORIENTED_EDGE('',*,*,#2068,.F.);
#2879=ORIENTED_EDGE('',*,*,#2069,.F.);
#2880=ORIENTED_EDGE('',*,*,#2070,.F.);
#2881=ORIENTED_EDGE('',*,*,#2069,.T.);
#2882=ORIENTED_EDGE('',*,*,#2071,.F.);
#2883=ORIENTED_EDGE('',*,*,#2072,.F.);
#2884=ORIENTED_EDGE('',*,*,#2073,.T.);
#2885=ORIENTED_EDGE('',*,*,#2072,.T.);
#2886=ORIENTED_EDGE('',*,*,#2074,.F.);
#2887=ORIENTED_EDGE('',*,*,#2075,.F.);
#2888=ORIENTED_EDGE('',*,*,#2076,.F.);
#2889=ORIENTED_EDGE('',*,*,#2075,.T.);
#2890=ORIENTED_EDGE('',*,*,#2077,.F.);
#2891=ORIENTED_EDGE('',*,*,#2067,.F.);
#2892=ORIENTED_EDGE('',*,*,#2077,.T.);
#2893=ORIENTED_EDGE('',*,*,#2074,.T.);
#2894=ORIENTED_EDGE('',*,*,#2071,.T.);
#2895=ORIENTED_EDGE('',*,*,#2068,.T.);
#2896=ORIENTED_EDGE('',*,*,#2076,.T.);
#2897=ORIENTED_EDGE('',*,*,#2066,.T.);
#2898=ORIENTED_EDGE('',*,*,#2070,.T.);
#2899=ORIENTED_EDGE('',*,*,#2073,.F.);
#2900=CONICAL_SURFACE('',#3127,0.94576326321093,1.02974425867665);
#2901=CONICAL_SURFACE('',#3129,2.07075,0.785398163397448);
#2902=CONICAL_SURFACE('',#3133,0.94576326321093,1.02974425867665);
#2903=CONICAL_SURFACE('',#3135,2.07075,0.785398163397448);
#2904=CONICAL_SURFACE('',#3139,0.94576326321093,1.02974425867665);
#2905=CONICAL_SURFACE('',#3141,2.07075,0.785398163397448);
#2906=CONICAL_SURFACE('',#3145,0.94576326321093,1.02974425867665);
#2907=CONICAL_SURFACE('',#3147,2.07075,0.785398163397448);
#2908=ADVANCED_FACE('',(#290),#2900,.F.);
#2909=ADVANCED_FACE('',(#291),#2901,.F.);
#2910=ADVANCED_FACE('',(#292),#236,.F.);
#2911=ADVANCED_FACE('',(#293),#2902,.F.);
#2912=ADVANCED_FACE('',(#294),#2903,.F.);
#2913=ADVANCED_FACE('',(#295),#237,.F.);
#2914=ADVANCED_FACE('',(#296),#2904,.F.);
#2915=ADVANCED_FACE('',(#297),#2905,.F.);
#2916=ADVANCED_FACE('',(#298),#238,.F.);
#2917=ADVANCED_FACE('',(#299),#2906,.F.);
#2918=ADVANCED_FACE('',(#300),#2907,.F.);
#2919=ADVANCED_FACE('',(#301),#239,.F.);
#2920=ADVANCED_FACE('',(#302),#240,.F.);
#2921=ADVANCED_FACE('',(#303,#67),#136,.F.);
#2922=ADVANCED_FACE('',(#304),#241,.F.);
#2923=ADVANCED_FACE('',(#305,#68),#137,.F.);
#2924=ADVANCED_FACE('',(#306),#242,.F.);
#2925=ADVANCED_FACE('',(#307),#243,.F.);
#2926=ADVANCED_FACE('',(#308),#138,.T.);
#2927=ADVANCED_FACE('',(#309,#69,#70),#139,.F.);
#2928=ADVANCED_FACE('',(#310,#71,#72,#73,#74,#75,#76,#77,#78,#79),#140,
 .T.);
#2929=ADVANCED_FACE('',(#311,#80),#141,.T.);
#2930=ADVANCED_FACE('',(#312),#142,.F.);
#2931=ADVANCED_FACE('',(#313),#143,.T.);
#2932=ADVANCED_FACE('',(#314,#81,#82),#144,.F.);
#2933=ADVANCED_FACE('',(#315,#83),#145,.T.);
#2934=ADVANCED_FACE('',(#316),#146,.T.);
#2935=ADVANCED_FACE('',(#317),#244,.T.);
#2936=ADVANCED_FACE('',(#318),#147,.T.);
#2937=ADVANCED_FACE('',(#319),#245,.F.);
#2938=ADVANCED_FACE('',(#320),#246,.F.);
#2939=ADVANCED_FACE('',(#321),#148,.T.);
#2940=ADVANCED_FACE('',(#322),#149,.T.);
#2941=ADVANCED_FACE('',(#323),#247,.T.);
#2942=ADVANCED_FACE('',(#324),#150,.T.);
#2943=ADVANCED_FACE('',(#325),#248,.T.);
#2944=ADVANCED_FACE('',(#326),#249,.F.);
#2945=ADVANCED_FACE('',(#327),#250,.F.);
#2946=ADVANCED_FACE('',(#328),#151,.T.);
#2947=ADVANCED_FACE('',(#329),#152,.T.);
#2948=ADVANCED_FACE('',(#330),#251,.T.);
#2949=ADVANCED_FACE('',(#331),#153,.T.);
#2950=ADVANCED_FACE('',(#332),#252,.F.);
#2951=ADVANCED_FACE('',(#333),#253,.F.);
#2952=ADVANCED_FACE('',(#334),#154,.T.);
#2953=ADVANCED_FACE('',(#335,#84),#155,.T.);
#2954=ADVANCED_FACE('',(#336),#156,.T.);
#2955=ADVANCED_FACE('',(#337,#85),#157,.T.);
#2956=ADVANCED_FACE('',(#338),#158,.T.);
#2957=ADVANCED_FACE('',(#339),#159,.T.);
#2958=ADVANCED_FACE('',(#340),#160,.T.);
#2959=ADVANCED_FACE('',(#341,#86,#87),#161,.T.);
#2960=ADVANCED_FACE('',(#342),#162,.T.);
#2961=ADVANCED_FACE('',(#343),#163,.T.);
#2962=ADVANCED_FACE('',(#344),#164,.T.);
#2963=ADVANCED_FACE('',(#345),#165,.T.);
#2964=ADVANCED_FACE('',(#346,#88,#89),#166,.T.);
#2965=ADVANCED_FACE('',(#347),#167,.T.);
#2966=ADVANCED_FACE('',(#348),#168,.T.);
#2967=ADVANCED_FACE('',(#349),#254,.F.);
#2968=ADVANCED_FACE('',(#350),#255,.F.);
#2969=ADVANCED_FACE('',(#351),#256,.F.);
#2970=ADVANCED_FACE('',(#352),#257,.F.);
#2971=ADVANCED_FACE('',(#353),#169,.T.);
#2972=ADVANCED_FACE('',(#354),#170,.T.);
#2973=ADVANCED_FACE('',(#355),#171,.T.);
#2974=ADVANCED_FACE('',(#356),#172,.T.);
#2975=ADVANCED_FACE('',(#357,#90,#91,#92,#93),#173,.T.);
#2976=ADVANCED_FACE('',(#358,#94,#95,#96,#97),#174,.F.);
#2977=ADVANCED_FACE('',(#359,#98),#175,.T.);
#2978=ADVANCED_FACE('',(#360),#258,.F.);
#2979=ADVANCED_FACE('',(#361),#259,.F.);
#2980=ADVANCED_FACE('',(#362),#260,.T.);
#2981=ADVANCED_FACE('',(#363),#176,.T.);
#2982=ADVANCED_FACE('',(#364),#177,.T.);
#2983=ADVANCED_FACE('',(#365),#178,.T.);
#2984=ADVANCED_FACE('',(#366),#261,.F.);
#2985=ADVANCED_FACE('',(#367),#179,.T.);
#2986=ADVANCED_FACE('',(#368),#180,.T.);
#2987=ADVANCED_FACE('',(#369),#181,.T.);
#2988=ADVANCED_FACE('',(#370),#262,.T.);
#2989=ADVANCED_FACE('',(#371),#182,.T.);
#2990=ADVANCED_FACE('',(#372),#263,.T.);
#2991=ADVANCED_FACE('',(#373),#183,.T.);
#2992=ADVANCED_FACE('',(#374),#184,.T.);
#2993=ADVANCED_FACE('',(#375),#185,.T.);
#2994=ADVANCED_FACE('',(#376),#186,.T.);
#2995=ADVANCED_FACE('',(#377),#264,.F.);
#2996=ADVANCED_FACE('',(#378),#187,.T.);
#2997=ADVANCED_FACE('',(#379),#265,.F.);
#2998=ADVANCED_FACE('',(#380),#188,.T.);
#2999=ADVANCED_FACE('',(#381,#99),#189,.F.);
#3000=ADVANCED_FACE('',(#382),#266,.F.);
#3001=ADVANCED_FACE('',(#383),#267,.F.);
#3002=ADVANCED_FACE('',(#384),#268,.F.);
#3003=ADVANCED_FACE('',(#385),#269,.F.);
#3004=ADVANCED_FACE('',(#386),#270,.F.);
#3005=ADVANCED_FACE('',(#387),#190,.T.);
#3006=ADVANCED_FACE('',(#388),#191,.T.);
#3007=ADVANCED_FACE('',(#389,#100,#101,#102,#103,#104,#105,#106,#107,#108),
#192,.F.);
#3008=ADVANCED_FACE('',(#390),#271,.F.);
#3009=ADVANCED_FACE('',(#391),#272,.F.);
#3010=ADVANCED_FACE('',(#392),#273,.F.);
#3011=ADVANCED_FACE('',(#393),#274,.F.);
#3012=ADVANCED_FACE('',(#394),#275,.F.);
#3013=ADVANCED_FACE('',(#395),#193,.T.);
#3014=ADVANCED_FACE('',(#396),#194,.T.);
#3015=ADVANCED_FACE('',(#397),#195,.T.);
#3016=ADVANCED_FACE('',(#398),#196,.T.);
#3017=ADVANCED_FACE('',(#399),#197,.T.);
#3018=ADVANCED_FACE('',(#400,#109,#110,#111,#112,#113,#114,#115,#116,#117),
#198,.T.);
#3019=ADVANCED_FACE('',(#401),#276,.F.);
#3020=ADVANCED_FACE('',(#402),#277,.F.);
#3021=ADVANCED_FACE('',(#403),#278,.F.);
#3022=ADVANCED_FACE('',(#404),#279,.F.);
#3023=ADVANCED_FACE('',(#405),#280,.F.);
#3024=ADVANCED_FACE('',(#406),#281,.F.);
#3025=ADVANCED_FACE('',(#407),#199,.T.);
#3026=ADVANCED_FACE('',(#408),#200,.T.);
#3027=ADVANCED_FACE('',(#409,#118,#119,#120,#121,#122),#201,.F.);
#3028=ADVANCED_FACE('',(#410),#202,.T.);
#3029=ADVANCED_FACE('',(#411),#203,.T.);
#3030=ADVANCED_FACE('',(#412),#204,.T.);
#3031=ADVANCED_FACE('',(#413),#205,.T.);
#3032=ADVANCED_FACE('',(#414),#206,.T.);
#3033=ADVANCED_FACE('',(#415,#123,#124,#125,#126,#127),#207,.T.);
#3034=ADVANCED_FACE('',(#416,#128,#129),#208,.T.);
#3035=ADVANCED_FACE('',(#417),#209,.T.);
#3036=ADVANCED_FACE('',(#418),#210,.T.);
#3037=ADVANCED_FACE('',(#419),#282,.T.);
#3038=ADVANCED_FACE('',(#420),#211,.T.);
#3039=ADVANCED_FACE('',(#421),#283,.F.);
#3040=ADVANCED_FACE('',(#422),#284,.F.);
#3041=ADVANCED_FACE('',(#423),#212,.T.);
#3042=ADVANCED_FACE('',(#424),#285,.T.);
#3043=ADVANCED_FACE('',(#425),#213,.T.);
#3044=ADVANCED_FACE('',(#426),#214,.T.);
#3045=ADVANCED_FACE('',(#427,#130,#131),#215,.F.);
#3046=ADVANCED_FACE('',(#428,#132,#133),#216,.T.);
#3047=ADVANCED_FACE('',(#429),#286,.T.);
#3048=ADVANCED_FACE('',(#430),#217,.T.);
#3049=ADVANCED_FACE('',(#431),#218,.T.);
#3050=ADVANCED_FACE('',(#432),#219,.T.);
#3051=ADVANCED_FACE('',(#433),#287,.F.);
#3052=ADVANCED_FACE('',(#434),#288,.F.);
#3053=ADVANCED_FACE('',(#435),#220,.T.);
#3054=ADVANCED_FACE('',(#436),#221,.T.);
#3055=ADVANCED_FACE('',(#437),#222,.T.);
#3056=ADVANCED_FACE('',(#438),#289,.T.);
#3057=ADVANCED_FACE('',(#439,#134,#135),#223,.F.);
#3058=ADVANCED_FACE('',(#440),#224,.T.);
#3059=ADVANCED_FACE('',(#441),#225,.T.);
#3060=ADVANCED_FACE('',(#442),#226,.T.);
#3061=ADVANCED_FACE('',(#443),#227,.T.);
#3062=ADVANCED_FACE('',(#444),#228,.T.);
#3063=ADVANCED_FACE('',(#445),#229,.F.);
#3064=ADVANCED_FACE('',(#446),#230,.T.);
#3065=ADVANCED_FACE('',(#447),#231,.T.);
#3066=ADVANCED_FACE('',(#448),#232,.T.);
#3067=ADVANCED_FACE('',(#449),#233,.T.);
#3068=ADVANCED_FACE('',(#450),#234,.T.);
#3069=ADVANCED_FACE('',(#451),#235,.F.);
#3070=CLOSED_SHELL('',(#2908,#2909,#2910,#2911,#2912,#2913,#2914,#2915,
#2916,#2917,#2918,#2919,#2920,#2921,#2922,#2923,#2924,#2925,#2926,#2927,
#2928,#2929,#2930,#2931,#2932,#2933,#2934,#2935,#2936,#2937,#2938,#2939,
#2940,#2941,#2942,#2943,#2944,#2945,#2946,#2947,#2948,#2949,#2950,#2951,
#2952,#2953,#2954,#2955,#2956,#2957,#2958,#2959,#2960,#2961,#2962,#2963,
#2964,#2965,#2966));
#3071=CLOSED_SHELL('',(#2967,#2968,#2969,#2970,#2971,#2972,#2973,#2974,
#2975,#2976));
#3072=CLOSED_SHELL('',(#2977,#2978,#2979,#2980,#2981,#2982,#2983,#2984,
#2985,#2986,#2987,#2988,#2989,#2990,#2991,#2992,#2993,#2994,#2995,#2996,
#2997,#2998,#2999));
#3073=CLOSED_SHELL('',(#3000,#3001,#3002,#3003,#3004,#3005,#3006,#3007,
#3008,#3009,#3010,#3011,#3012,#3013,#3014,#3015,#3016,#3017,#3018));
#3074=CLOSED_SHELL('',(#3019,#3020,#3021,#3022,#3023,#3024,#3025,#3026,
#3027,#3028,#3029,#3030,#3031,#3032,#3033));
#3075=CLOSED_SHELL('',(#3034,#3035,#3036,#3037,#3038,#3039,#3040,#3041,
#3042,#3043,#3044,#3045));
#3076=CLOSED_SHELL('',(#3046,#3047,#3048,#3049,#3050,#3051,#3052,#3053,
#3054,#3055,#3056,#3057));
#3077=CLOSED_SHELL('',(#3058,#3059,#3060,#3061,#3062,#3063));
#3078=CLOSED_SHELL('',(#3064,#3065,#3066,#3067,#3068,#3069));
#3079=DERIVED_UNIT_ELEMENT(#3087,1.);
#3080=DERIVED_UNIT_ELEMENT(#5165,-3.);
#3081=DERIVED_UNIT_ELEMENT(#3087,1.);
#3082=DERIVED_UNIT_ELEMENT(#5165,-3.);
#3083=DERIVED_UNIT_ELEMENT(#3087,1.);
#3084=DERIVED_UNIT_ELEMENT(#5165,-3.);
#3085=DERIVED_UNIT_ELEMENT(#3087,1.);
#3086=DERIVED_UNIT_ELEMENT(#5165,-3.);
#3087=(
MASS_UNIT()
NAMED_UNIT(*)
SI_UNIT(.KILO.,.GRAM.)
);
#3088=DERIVED_UNIT((#3079,#3080));
#3089=DERIVED_UNIT((#3081,#3082));
#3090=DERIVED_UNIT((#3083,#3084));
#3091=DERIVED_UNIT((#3085,#3086));
#3092=MEASURE_REPRESENTATION_ITEM('density measure',
POSITIVE_RATIO_MEASURE(7850.),#3088);
#3093=MEASURE_REPRESENTATION_ITEM('density measure',
POSITIVE_RATIO_MEASURE(7850.),#3089);
#3094=MEASURE_REPRESENTATION_ITEM('density measure',
POSITIVE_RATIO_MEASURE(7850.),#3090);
#3095=MEASURE_REPRESENTATION_ITEM('density measure',
POSITIVE_RATIO_MEASURE(7850.),#3091);
#3096=PROPERTY_DEFINITION_REPRESENTATION(#3116,#3104);
#3097=PROPERTY_DEFINITION_REPRESENTATION(#3117,#3105);
#3098=PROPERTY_DEFINITION_REPRESENTATION(#3118,#3106);
#3099=PROPERTY_DEFINITION_REPRESENTATION(#3119,#3107);
#3100=PROPERTY_DEFINITION_REPRESENTATION(#3120,#3108);
#3101=PROPERTY_DEFINITION_REPRESENTATION(#3121,#3109);
#3102=PROPERTY_DEFINITION_REPRESENTATION(#3122,#3110);
#3103=PROPERTY_DEFINITION_REPRESENTATION(#3123,#3111);
#3104=REPRESENTATION('material name',(#3112),#5158);
#3105=REPRESENTATION('density',(#3092),#5158);
#3106=REPRESENTATION('material name',(#3113),#5160);
#3107=REPRESENTATION('density',(#3093),#5160);
#3108=REPRESENTATION('material name',(#3114),#5161);
#3109=REPRESENTATION('density',(#3094),#5161);
#3110=REPRESENTATION('material name',(#3115),#5162);
#3111=REPRESENTATION('density',(#3095),#5162);
#3112=DESCRIPTIVE_REPRESENTATION_ITEM('Steel','Steel');
#3113=DESCRIPTIVE_REPRESENTATION_ITEM('Steel','Steel');
#3114=DESCRIPTIVE_REPRESENTATION_ITEM('Steel','Steel');
#3115=DESCRIPTIVE_REPRESENTATION_ITEM('Steel','Steel');
#3116=PROPERTY_DEFINITION('material property','material name',#5199);
#3117=PROPERTY_DEFINITION('material property','density of part',#5199);
#3118=PROPERTY_DEFINITION('material property','material name',#5201);
#3119=PROPERTY_DEFINITION('material property','density of part',#5201);
#3120=PROPERTY_DEFINITION('material property','material name',#5202);
#3121=PROPERTY_DEFINITION('material property','density of part',#5202);
#3122=PROPERTY_DEFINITION('material property','material name',#5203);
#3123=PROPERTY_DEFINITION('material property','density of part',#5203);
#3124=AXIS2_PLACEMENT_3D('',#4287,#3412,#3413);
#3125=AXIS2_PLACEMENT_3D('',#4288,#3414,#3415);
#3126=AXIS2_PLACEMENT_3D('',#4289,#3416,#3417);
#3127=AXIS2_PLACEMENT_3D('',#4290,#3418,#3419);
#3128=AXIS2_PLACEMENT_3D('',#4292,#3420,#3421);
#3129=AXIS2_PLACEMENT_3D('',#4295,#3423,#3424);
#3130=AXIS2_PLACEMENT_3D('',#4297,#3425,#3426);
#3131=AXIS2_PLACEMENT_3D('',#4300,#3428,#3429);
#3132=AXIS2_PLACEMENT_3D('',#4301,#3430,#3431);
#3133=AXIS2_PLACEMENT_3D('',#4303,#3433,#3434);
#3134=AXIS2_PLACEMENT_3D('',#4305,#3435,#3436);
#3135=AXIS2_PLACEMENT_3D('',#4308,#3438,#3439);
#3136=AXIS2_PLACEMENT_3D('',#4310,#3440,#3441);
#3137=AXIS2_PLACEMENT_3D('',#4313,#3443,#3444);
#3138=AXIS2_PLACEMENT_3D('',#4314,#3445,#3446);
#3139=AXIS2_PLACEMENT_3D('',#4316,#3448,#3449);
#3140=AXIS2_PLACEMENT_3D('',#4318,#3450,#3451);
#3141=AXIS2_PLACEMENT_3D('',#4321,#3453,#3454);
#3142=AXIS2_PLACEMENT_3D('',#4323,#3455,#3456);
#3143=AXIS2_PLACEMENT_3D('',#4326,#3458,#3459);
#3144=AXIS2_PLACEMENT_3D('',#4327,#3460,#3461);
#3145=AXIS2_PLACEMENT_3D('',#4329,#3463,#3464);
#3146=AXIS2_PLACEMENT_3D('',#4331,#3465,#3466);
#3147=AXIS2_PLACEMENT_3D('',#4334,#3468,#3469);
#3148=AXIS2_PLACEMENT_3D('',#4336,#3470,#3471);
#3149=AXIS2_PLACEMENT_3D('',#4339,#3473,#3474);
#3150=AXIS2_PLACEMENT_3D('',#4340,#3475,#3476);
#3151=AXIS2_PLACEMENT_3D('',#4342,#3478,#3479);
#3152=AXIS2_PLACEMENT_3D('',#4344,#3480,#3481);
#3153=AXIS2_PLACEMENT_3D('',#4347,#3483,#3484);
#3154=AXIS2_PLACEMENT_3D('',#4348,#3485,#3486);
#3155=AXIS2_PLACEMENT_3D('',#4350,#3487,#3488);
#3156=AXIS2_PLACEMENT_3D('',#4351,#3489,#3490);
#3157=AXIS2_PLACEMENT_3D('',#4353,#3491,#3492);
#3158=AXIS2_PLACEMENT_3D('',#4356,#3494,#3495);
#3159=AXIS2_PLACEMENT_3D('',#4357,#3496,#3497);
#3160=AXIS2_PLACEMENT_3D('',#4359,#3498,#3499);
#3161=AXIS2_PLACEMENT_3D('',#4360,#3500,#3501);
#3162=AXIS2_PLACEMENT_3D('',#4362,#3502,#3503);
#3163=AXIS2_PLACEMENT_3D('',#4364,#3505,#3506);
#3164=AXIS2_PLACEMENT_3D('',#4367,#3508,#3509);
#3165=AXIS2_PLACEMENT_3D('',#4368,#3510,#3511);
#3166=AXIS2_PLACEMENT_3D('',#4377,#3516,#3517);
#3167=AXIS2_PLACEMENT_3D('',#4381,#3519,#3520);
#3168=AXIS2_PLACEMENT_3D('',#4387,#3523,#3524);
#3169=AXIS2_PLACEMENT_3D('',#4392,#3527,#3528);
#3170=AXIS2_PLACEMENT_3D('',#4394,#3529,#3530);
#3171=AXIS2_PLACEMENT_3D('',#4395,#3531,#3532);
#3172=AXIS2_PLACEMENT_3D('',#4397,#3533,#3534);
#3173=AXIS2_PLACEMENT_3D('',#4405,#3538,#3539);
#3174=AXIS2_PLACEMENT_3D('',#4417,#3545,#3546);
#3175=AXIS2_PLACEMENT_3D('',#4425,#3550,#3551);
#3176=AXIS2_PLACEMENT_3D('',#4450,#3564,#3565);
#3177=AXIS2_PLACEMENT_3D('',#4452,#3566,#3567);
#3178=AXIS2_PLACEMENT_3D('',#4454,#3568,#3569);
#3179=AXIS2_PLACEMENT_3D('',#4456,#3570,#3571);
#3180=AXIS2_PLACEMENT_3D('',#4457,#3572,#3573);
#3181=AXIS2_PLACEMENT_3D('',#4464,#3577,#3578);
#3182=AXIS2_PLACEMENT_3D('',#4465,#3579,#3580);
#3183=AXIS2_PLACEMENT_3D('',#4482,#3589,#3590);
#3184=AXIS2_PLACEMENT_3D('',#4488,#3594,#3595);
#3185=AXIS2_PLACEMENT_3D('',#4494,#3598,#3599);
#3186=AXIS2_PLACEMENT_3D('',#4501,#3603,#3604);
#3187=AXIS2_PLACEMENT_3D('',#4503,#3605,#3606);
#3188=AXIS2_PLACEMENT_3D('',#4505,#3607,#3608);
#3189=AXIS2_PLACEMENT_3D('',#4506,#3609,#3610);
#3190=AXIS2_PLACEMENT_3D('',#4513,#3614,#3615);
#3191=AXIS2_PLACEMENT_3D('',#4514,#3616,#3617);
#3192=AXIS2_PLACEMENT_3D('',#4517,#3620,#3621);
#3193=AXIS2_PLACEMENT_3D('',#4519,#3623,#3624);
#3194=AXIS2_PLACEMENT_3D('',#4521,#3626,#3627);
#3195=AXIS2_PLACEMENT_3D('',#4523,#3629,#3630);
#3196=AXIS2_PLACEMENT_3D('',#4525,#3632,#3633);
#3197=AXIS2_PLACEMENT_3D('',#4527,#3635,#3636);
#3198=AXIS2_PLACEMENT_3D('',#4529,#3638,#3639);
#3199=AXIS2_PLACEMENT_3D('',#4530,#3640,#3641);
#3200=AXIS2_PLACEMENT_3D('',#4533,#3644,#3645);
#3201=AXIS2_PLACEMENT_3D('',#4534,#3646,#3647);
#3202=AXIS2_PLACEMENT_3D('',#4536,#3649,#3650);
#3203=AXIS2_PLACEMENT_3D('',#4538,#3652,#3653);
#3204=AXIS2_PLACEMENT_3D('',#4540,#3655,#3656);
#3205=AXIS2_PLACEMENT_3D('',#4542,#3658,#3659);
#3206=AXIS2_PLACEMENT_3D('',#4544,#3661,#3662);
#3207=AXIS2_PLACEMENT_3D('',#4546,#3664,#3665);
#3208=AXIS2_PLACEMENT_3D('',#4549,#3667,#3668);
#3209=AXIS2_PLACEMENT_3D('',#4550,#3669,#3670);
#3210=AXIS2_PLACEMENT_3D('',#4552,#3671,#3672);
#3211=AXIS2_PLACEMENT_3D('',#4554,#3674,#3675);
#3212=AXIS2_PLACEMENT_3D('',#4556,#3677,#3678);
#3213=AXIS2_PLACEMENT_3D('',#4562,#3682,#3683);
#3214=AXIS2_PLACEMENT_3D('',#4566,#3686,#3687);
#3215=AXIS2_PLACEMENT_3D('',#4570,#3690,#3691);
#3216=AXIS2_PLACEMENT_3D('',#4572,#3693,#3694);
#3217=AXIS2_PLACEMENT_3D('',#4577,#3698,#3699);
#3218=AXIS2_PLACEMENT_3D('',#4578,#3700,#3701);
#3219=AXIS2_PLACEMENT_3D('',#4581,#3704,#3705);
#3220=AXIS2_PLACEMENT_3D('',#4585,#3708,#3709);
#3221=AXIS2_PLACEMENT_3D('',#4589,#3712,#3713);
#3222=AXIS2_PLACEMENT_3D('',#4593,#3716,#3717);
#3223=AXIS2_PLACEMENT_3D('',#4595,#3719,#3720);
#3224=AXIS2_PLACEMENT_3D('',#4597,#3722,#3723);
#3225=AXIS2_PLACEMENT_3D('',#4598,#3724,#3725);
#3226=AXIS2_PLACEMENT_3D('',#4599,#3726,#3727);
#3227=AXIS2_PLACEMENT_3D('',#4600,#3728,#3729);
#3228=AXIS2_PLACEMENT_3D('',#4601,#3730,#3731);
#3229=AXIS2_PLACEMENT_3D('',#4603,#3732,#3733);
#3230=AXIS2_PLACEMENT_3D('',#4606,#3735,#3736);
#3231=AXIS2_PLACEMENT_3D('',#4607,#3737,#3738);
#3232=AXIS2_PLACEMENT_3D('',#4609,#3739,#3740);
#3233=AXIS2_PLACEMENT_3D('',#4612,#3742,#3743);
#3234=AXIS2_PLACEMENT_3D('',#4613,#3744,#3745);
#3235=AXIS2_PLACEMENT_3D('',#4615,#3746,#3747);
#3236=AXIS2_PLACEMENT_3D('',#4618,#3749,#3750);
#3237=AXIS2_PLACEMENT_3D('',#4619,#3751,#3752);
#3238=AXIS2_PLACEMENT_3D('',#4621,#3753,#3754);
#3239=AXIS2_PLACEMENT_3D('',#4624,#3756,#3757);
#3240=AXIS2_PLACEMENT_3D('',#4625,#3758,#3759);
#3241=AXIS2_PLACEMENT_3D('',#4634,#3764,#3765);
#3242=AXIS2_PLACEMENT_3D('',#4640,#3769,#3770);
#3243=AXIS2_PLACEMENT_3D('',#4646,#3774,#3775);
#3244=AXIS2_PLACEMENT_3D('',#4649,#3778,#3779);
#3245=AXIS2_PLACEMENT_3D('',#4650,#3780,#3781);
#3246=AXIS2_PLACEMENT_3D('',#4651,#3782,#3783);
#3247=AXIS2_PLACEMENT_3D('',#4652,#3784,#3785);
#3248=AXIS2_PLACEMENT_3D('',#4653,#3786,#3787);
#3249=AXIS2_PLACEMENT_3D('',#4654,#3788,#3789);
#3250=AXIS2_PLACEMENT_3D('',#4655,#3790,#3791);
#3251=AXIS2_PLACEMENT_3D('',#4660,#3793,#3794);
#3252=AXIS2_PLACEMENT_3D('',#4664,#3796,#3797);
#3253=AXIS2_PLACEMENT_3D('',#4674,#3802,#3803);
#3254=AXIS2_PLACEMENT_3D('',#4678,#3805,#3806);
#3255=AXIS2_PLACEMENT_3D('',#4686,#3810,#3811);
#3256=AXIS2_PLACEMENT_3D('',#4694,#3815,#3816);
#3257=AXIS2_PLACEMENT_3D('',#4695,#3817,#3818);
#3258=AXIS2_PLACEMENT_3D('',#4697,#3819,#3820);
#3259=AXIS2_PLACEMENT_3D('',#4698,#3821,#3822);
#3260=AXIS2_PLACEMENT_3D('',#4701,#3824,#3825);
#3261=AXIS2_PLACEMENT_3D('',#4702,#3826,#3827);
#3262=AXIS2_PLACEMENT_3D('',#4705,#3828,#3829);
#3263=AXIS2_PLACEMENT_3D('',#4708,#3832,#3833);
#3264=AXIS2_PLACEMENT_3D('',#4710,#3834,#3835);
#3265=AXIS2_PLACEMENT_3D('',#4712,#3837,#3838);
#3266=AXIS2_PLACEMENT_3D('',#4716,#3841,#3842);
#3267=AXIS2_PLACEMENT_3D('',#4720,#3845,#3846);
#3268=AXIS2_PLACEMENT_3D('',#4724,#3849,#3850);
#3269=AXIS2_PLACEMENT_3D('',#4726,#3851,#3852);
#3270=AXIS2_PLACEMENT_3D('',#4728,#3854,#3855);
#3271=AXIS2_PLACEMENT_3D('',#4732,#3858,#3859);
#3272=AXIS2_PLACEMENT_3D('',#4736,#3862,#3863);
#3273=AXIS2_PLACEMENT_3D('',#4740,#3866,#3867);
#3274=AXIS2_PLACEMENT_3D('',#4742,#3868,#3869);
#3275=AXIS2_PLACEMENT_3D('',#4744,#3871,#3872);
#3276=AXIS2_PLACEMENT_3D('',#4748,#3875,#3876);
#3277=AXIS2_PLACEMENT_3D('',#4750,#3877,#3878);
#3278=AXIS2_PLACEMENT_3D('',#4752,#3880,#3881);
#3279=AXIS2_PLACEMENT_3D('',#4756,#3884,#3885);
#3280=AXIS2_PLACEMENT_3D('',#4760,#3888,#3889);
#3281=AXIS2_PLACEMENT_3D('',#4764,#3892,#3893);
#3282=AXIS2_PLACEMENT_3D('',#4768,#3896,#3897);
#3283=AXIS2_PLACEMENT_3D('',#4770,#3898,#3899);
#3284=AXIS2_PLACEMENT_3D('',#4772,#3901,#3902);
#3285=AXIS2_PLACEMENT_3D('',#4776,#3905,#3906);
#3286=AXIS2_PLACEMENT_3D('',#4778,#3907,#3908);
#3287=AXIS2_PLACEMENT_3D('',#4780,#3910,#3911);
#3288=AXIS2_PLACEMENT_3D('',#4782,#3913,#3914);
#3289=AXIS2_PLACEMENT_3D('',#4783,#3915,#3916);
#3290=AXIS2_PLACEMENT_3D('',#4784,#3917,#3918);
#3291=AXIS2_PLACEMENT_3D('',#4786,#3919,#3920);
#3292=AXIS2_PLACEMENT_3D('',#4789,#3922,#3923);
#3293=AXIS2_PLACEMENT_3D('',#4790,#3924,#3925);
#3294=AXIS2_PLACEMENT_3D('',#4792,#3926,#3927);
#3295=AXIS2_PLACEMENT_3D('',#4795,#3929,#3930);
#3296=AXIS2_PLACEMENT_3D('',#4796,#3931,#3932);
#3297=AXIS2_PLACEMENT_3D('',#4798,#3933,#3934);
#3298=AXIS2_PLACEMENT_3D('',#4801,#3936,#3937);
#3299=AXIS2_PLACEMENT_3D('',#4802,#3938,#3939);
#3300=AXIS2_PLACEMENT_3D('',#4804,#3940,#3941);
#3301=AXIS2_PLACEMENT_3D('',#4807,#3943,#3944);
#3302=AXIS2_PLACEMENT_3D('',#4808,#3945,#3946);
#3303=AXIS2_PLACEMENT_3D('',#4813,#3948,#3949);
#3304=AXIS2_PLACEMENT_3D('',#4816,#3951,#3952);
#3305=AXIS2_PLACEMENT_3D('',#4817,#3953,#3954);
#3306=AXIS2_PLACEMENT_3D('',#4823,#3958,#3959);
#3307=AXIS2_PLACEMENT_3D('',#4829,#3963,#3964);
#3308=AXIS2_PLACEMENT_3D('',#4840,#3970,#3971);
#3309=AXIS2_PLACEMENT_3D('',#4842,#3972,#3973);
#3310=AXIS2_PLACEMENT_3D('',#4844,#3974,#3975);
#3311=AXIS2_PLACEMENT_3D('',#4846,#3976,#3977);
#3312=AXIS2_PLACEMENT_3D('',#4848,#3978,#3979);
#3313=AXIS2_PLACEMENT_3D('',#4849,#3980,#3981);
#3314=AXIS2_PLACEMENT_3D('',#4851,#3982,#3983);
#3315=AXIS2_PLACEMENT_3D('',#4853,#3985,#3986);
#3316=AXIS2_PLACEMENT_3D('',#4855,#3987,#3988);
#3317=AXIS2_PLACEMENT_3D('',#4857,#3990,#3991);
#3318=AXIS2_PLACEMENT_3D('',#4859,#3992,#3993);
#3319=AXIS2_PLACEMENT_3D('',#4861,#3995,#3996);
#3320=AXIS2_PLACEMENT_3D('',#4863,#3997,#3998);
#3321=AXIS2_PLACEMENT_3D('',#4865,#4000,#4001);
#3322=AXIS2_PLACEMENT_3D('',#4867,#4002,#4003);
#3323=AXIS2_PLACEMENT_3D('',#4869,#4005,#4006);
#3324=AXIS2_PLACEMENT_3D('',#4873,#4009,#4010);
#3325=AXIS2_PLACEMENT_3D('',#4877,#4013,#4014);
#3326=AXIS2_PLACEMENT_3D('',#4881,#4017,#4018);
#3327=AXIS2_PLACEMENT_3D('',#4885,#4021,#4022);
#3328=AXIS2_PLACEMENT_3D('',#4887,#4024,#4025);
#3329=AXIS2_PLACEMENT_3D('',#4888,#4026,#4027);
#3330=AXIS2_PLACEMENT_3D('',#4890,#4028,#4029);
#3331=AXIS2_PLACEMENT_3D('',#4893,#4031,#4032);
#3332=AXIS2_PLACEMENT_3D('',#4894,#4033,#4034);
#3333=AXIS2_PLACEMENT_3D('',#4896,#4035,#4036);
#3334=AXIS2_PLACEMENT_3D('',#4899,#4038,#4039);
#3335=AXIS2_PLACEMENT_3D('',#4900,#4040,#4041);
#3336=AXIS2_PLACEMENT_3D('',#4902,#4042,#4043);
#3337=AXIS2_PLACEMENT_3D('',#4905,#4045,#4046);
#3338=AXIS2_PLACEMENT_3D('',#4906,#4047,#4048);
#3339=AXIS2_PLACEMENT_3D('',#4908,#4049,#4050);
#3340=AXIS2_PLACEMENT_3D('',#4911,#4052,#4053);
#3341=AXIS2_PLACEMENT_3D('',#4912,#4054,#4055);
#3342=AXIS2_PLACEMENT_3D('',#4914,#4056,#4057);
#3343=AXIS2_PLACEMENT_3D('',#4917,#4059,#4060);
#3344=AXIS2_PLACEMENT_3D('',#4918,#4061,#4062);
#3345=AXIS2_PLACEMENT_3D('',#4923,#4064,#4065);
#3346=AXIS2_PLACEMENT_3D('',#4926,#4067,#4068);
#3347=AXIS2_PLACEMENT_3D('',#4927,#4069,#4070);
#3348=AXIS2_PLACEMENT_3D('',#4933,#4074,#4075);
#3349=AXIS2_PLACEMENT_3D('',#4939,#4079,#4080);
#3350=AXIS2_PLACEMENT_3D('',#4949,#4086,#4087);
#3351=AXIS2_PLACEMENT_3D('',#4953,#4090,#4091);
#3352=AXIS2_PLACEMENT_3D('',#4957,#4094,#4095);
#3353=AXIS2_PLACEMENT_3D('',#4961,#4098,#4099);
#3354=AXIS2_PLACEMENT_3D('',#4965,#4102,#4103);
#3355=AXIS2_PLACEMENT_3D('',#4967,#4105,#4106);
#3356=AXIS2_PLACEMENT_3D('',#4968,#4107,#4108);
#3357=AXIS2_PLACEMENT_3D('',#4973,#4110,#4111);
#3358=AXIS2_PLACEMENT_3D('',#4981,#4115,#4116);
#3359=AXIS2_PLACEMENT_3D('',#4986,#4119,#4120);
#3360=AXIS2_PLACEMENT_3D('',#4988,#4121,#4122);
#3361=AXIS2_PLACEMENT_3D('',#4989,#4123,#4124);
#3362=AXIS2_PLACEMENT_3D('',#4995,#4128,#4129);
#3363=AXIS2_PLACEMENT_3D('',#4999,#4132,#4133);
#3364=AXIS2_PLACEMENT_3D('',#5002,#4135,#4136);
#3365=AXIS2_PLACEMENT_3D('',#5003,#4137,#4138);
#3366=AXIS2_PLACEMENT_3D('',#5007,#4141,#4142);
#3367=AXIS2_PLACEMENT_3D('',#5009,#4143,#4144);
#3368=AXIS2_PLACEMENT_3D('',#5011,#4146,#4147);
#3369=AXIS2_PLACEMENT_3D('',#5013,#4148,#4149);
#3370=AXIS2_PLACEMENT_3D('',#5015,#4151,#4152);
#3371=AXIS2_PLACEMENT_3D('',#5019,#4155,#4156);
#3372=AXIS2_PLACEMENT_3D('',#5021,#4157,#4158);
#3373=AXIS2_PLACEMENT_3D('',#5023,#4160,#4161);
#3374=AXIS2_PLACEMENT_3D('',#5027,#4164,#4165);
#3375=AXIS2_PLACEMENT_3D('',#5029,#4167,#4168);
#3376=AXIS2_PLACEMENT_3D('',#5030,#4169,#4170);
#3377=AXIS2_PLACEMENT_3D('',#5039,#4174,#4175);
#3378=AXIS2_PLACEMENT_3D('',#5046,#4179,#4180);
#3379=AXIS2_PLACEMENT_3D('',#5048,#4181,#4182);
#3380=AXIS2_PLACEMENT_3D('',#5050,#4183,#4184);
#3381=AXIS2_PLACEMENT_3D('',#5051,#4185,#4186);
#3382=AXIS2_PLACEMENT_3D('',#5055,#4188,#4189);
#3383=AXIS2_PLACEMENT_3D('',#5057,#4191,#4192);
#3384=AXIS2_PLACEMENT_3D('',#5061,#4195,#4196);
#3385=AXIS2_PLACEMENT_3D('',#5065,#4199,#4200);
#3386=AXIS2_PLACEMENT_3D('',#5069,#4203,#4204);
#3387=AXIS2_PLACEMENT_3D('',#5071,#4205,#4206);
#3388=AXIS2_PLACEMENT_3D('',#5073,#4208,#4209);
#3389=AXIS2_PLACEMENT_3D('',#5075,#4210,#4211);
#3390=AXIS2_PLACEMENT_3D('',#5077,#4213,#4214);
#3391=AXIS2_PLACEMENT_3D('',#5081,#4217,#4218);
#3392=AXIS2_PLACEMENT_3D('',#5085,#4221,#4222);
#3393=AXIS2_PLACEMENT_3D('',#5089,#4225,#4226);
#3394=AXIS2_PLACEMENT_3D('',#5090,#4227,#4228);
#3395=AXIS2_PLACEMENT_3D('',#5091,#4229,#4230);
#3396=AXIS2_PLACEMENT_3D('',#5092,#4231,#4232);
#3397=AXIS2_PLACEMENT_3D('',#5101,#4237,#4238);
#3398=AXIS2_PLACEMENT_3D('',#5107,#4242,#4243);
#3399=AXIS2_PLACEMENT_3D('',#5113,#4247,#4248);
#3400=AXIS2_PLACEMENT_3D('',#5116,#4251,#4252);
#3401=AXIS2_PLACEMENT_3D('',#5117,#4253,#4254);
#3402=AXIS2_PLACEMENT_3D('',#5118,#4255,#4256);
#3403=AXIS2_PLACEMENT_3D('',#5127,#4261,#4262);
#3404=AXIS2_PLACEMENT_3D('',#5133,#4266,#4267);
#3405=AXIS2_PLACEMENT_3D('',#5139,#4271,#4272);
#3406=AXIS2_PLACEMENT_3D('',#5142,#4275,#4276);
#3407=AXIS2_PLACEMENT_3D('',#5143,#4277,#4278);
#3408=AXIS2_PLACEMENT_3D('',#5144,#4279,#4280);
#3409=AXIS2_PLACEMENT_3D('',#5145,#4281,#4282);
#3410=AXIS2_PLACEMENT_3D('',#5146,#4283,#4284);
#3411=AXIS2_PLACEMENT_3D('',#5147,#4285,#4286);
#3412=DIRECTION('axis',(0.,0.,1.));
#3413=DIRECTION('refdir',(1.,0.,0.));
#3414=DIRECTION('axis',(0.,0.,1.));
#3415=DIRECTION('refdir',(1.,0.,0.));
#3416=DIRECTION('axis',(0.,0.,1.));
#3417=DIRECTION('refdir',(1.,0.,0.));
#3418=DIRECTION('center_axis',(0.,0.,1.));
#3419=DIRECTION('ref_axis',(1.,0.,0.));
#3420=DIRECTION('center_axis',(0.,0.,-1.));
#3421=DIRECTION('ref_axis',(1.,0.,0.));
#3422=DIRECTION('',(0.857167300702112,-1.04972719113862E-16,-0.515038074910054));
#3423=DIRECTION('center_axis',(0.,0.,1.));
#3424=DIRECTION('ref_axis',(1.,0.,0.));
#3425=DIRECTION('center_axis',(0.,0.,-1.));
#3426=DIRECTION('ref_axis',(1.,0.,0.));
#3427=DIRECTION('',(0.707106781186547,-8.65956056235493E-17,-0.707106781186548));
#3428=DIRECTION('center_axis',(0.,0.,1.));
#3429=DIRECTION('ref_axis',(1.,0.,0.));
#3430=DIRECTION('center_axis',(0.,0.,-1.));
#3431=DIRECTION('ref_axis',(1.,0.,0.));
#3432=DIRECTION('',(0.,0.,-1.));
#3433=DIRECTION('center_axis',(0.,0.,1.));
#3434=DIRECTION('ref_axis',(1.,0.,0.));
#3435=DIRECTION('center_axis',(0.,0.,-1.));
#3436=DIRECTION('ref_axis',(1.,0.,0.));
#3437=DIRECTION('',(0.857167300702112,-1.04972719113862E-16,-0.515038074910054));
#3438=DIRECTION('center_axis',(0.,0.,1.));
#3439=DIRECTION('ref_axis',(1.,0.,0.));
#3440=DIRECTION('center_axis',(0.,0.,-1.));
#3441=DIRECTION('ref_axis',(1.,0.,0.));
#3442=DIRECTION('',(0.707106781186547,-8.65956056235493E-17,-0.707106781186548));
#3443=DIRECTION('center_axis',(0.,0.,1.));
#3444=DIRECTION('ref_axis',(1.,0.,0.));
#3445=DIRECTION('center_axis',(0.,0.,-1.));
#3446=DIRECTION('ref_axis',(1.,0.,0.));
#3447=DIRECTION('',(0.,0.,-1.));
#3448=DIRECTION('center_axis',(0.,0.,1.));
#3449=DIRECTION('ref_axis',(1.,0.,0.));
#3450=DIRECTION('center_axis',(0.,0.,-1.));
#3451=DIRECTION('ref_axis',(1.,0.,0.));
#3452=DIRECTION('',(0.857167300702112,-1.04972719113862E-16,-0.515038074910054));
#3453=DIRECTION('center_axis',(0.,0.,1.));
#3454=DIRECTION('ref_axis',(1.,0.,0.));
#3455=DIRECTION('center_axis',(0.,0.,-1.));
#3456=DIRECTION('ref_axis',(1.,0.,0.));
#3457=DIRECTION('',(0.707106781186547,-8.65956056235493E-17,-0.707106781186548));
#3458=DIRECTION('center_axis',(0.,0.,1.));
#3459=DIRECTION('ref_axis',(1.,0.,0.));
#3460=DIRECTION('center_axis',(0.,0.,-1.));
#3461=DIRECTION('ref_axis',(1.,0.,0.));
#3462=DIRECTION('',(0.,0.,-1.));
#3463=DIRECTION('center_axis',(0.,0.,1.));
#3464=DIRECTION('ref_axis',(1.,0.,0.));
#3465=DIRECTION('center_axis',(0.,0.,-1.));
#3466=DIRECTION('ref_axis',(1.,0.,0.));
#3467=DIRECTION('',(0.857167300702112,-1.04972719113862E-16,-0.515038074910054));
#3468=DIRECTION('center_axis',(0.,0.,1.));
#3469=DIRECTION('ref_axis',(1.,0.,0.));
#3470=DIRECTION('center_axis',(0.,0.,-1.));
#3471=DIRECTION('ref_axis',(1.,0.,0.));
#3472=DIRECTION('',(0.707106781186547,-8.65956056235493E-17,-0.707106781186548));
#3473=DIRECTION('center_axis',(0.,0.,1.));
#3474=DIRECTION('ref_axis',(1.,0.,0.));
#3475=DIRECTION('center_axis',(0.,0.,-1.));
#3476=DIRECTION('ref_axis',(1.,0.,0.));
#3477=DIRECTION('',(0.,0.,-1.));
#3478=DIRECTION('center_axis',(-1.,0.,0.));
#3479=DIRECTION('ref_axis',(0.,1.,0.));
#3480=DIRECTION('center_axis',(-1.,0.,0.));
#3481=DIRECTION('ref_axis',(0.,1.,0.));
#3482=DIRECTION('',(-1.,0.,0.));
#3483=DIRECTION('center_axis',(-1.,0.,0.));
#3484=DIRECTION('ref_axis',(0.,1.,0.));
#3485=DIRECTION('center_axis',(-1.,0.,0.));
#3486=DIRECTION('ref_axis',(0.,1.,0.));
#3487=DIRECTION('center_axis',(1.,0.,0.));
#3488=DIRECTION('ref_axis',(0.,1.,0.));
#3489=DIRECTION('center_axis',(1.,0.,0.));
#3490=DIRECTION('ref_axis',(0.,-1.,0.));
#3491=DIRECTION('center_axis',(1.,0.,0.));
#3492=DIRECTION('ref_axis',(0.,-1.,0.));
#3493=DIRECTION('',(1.,0.,0.));
#3494=DIRECTION('center_axis',(1.,0.,0.));
#3495=DIRECTION('ref_axis',(0.,-1.,0.));
#3496=DIRECTION('center_axis',(1.,0.,0.));
#3497=DIRECTION('ref_axis',(0.,-1.,0.));
#3498=DIRECTION('center_axis',(-1.,0.,0.));
#3499=DIRECTION('ref_axis',(0.,1.,0.));
#3500=DIRECTION('center_axis',(-1.,0.,0.));
#3501=DIRECTION('ref_axis',(0.,1.,0.));
#3502=DIRECTION('center_axis',(-1.,-1.97372982155583E-16,0.));
#3503=DIRECTION('ref_axis',(0.,1.,0.));
#3504=DIRECTION('',(-1.,0.,0.));
#3505=DIRECTION('center_axis',(-1.,0.,0.));
#3506=DIRECTION('ref_axis',(0.,1.,0.));
#3507=DIRECTION('',(-1.,0.,0.));
#3508=DIRECTION('center_axis',(1.,5.9211894646675E-16,0.));
#3509=DIRECTION('ref_axis',(0.,1.,0.));
#3510=DIRECTION('center_axis',(0.,1.,0.));
#3511=DIRECTION('ref_axis',(-1.,0.,0.));
#3512=DIRECTION('',(-1.,0.,0.));
#3513=DIRECTION('',(0.,0.,1.));
#3514=DIRECTION('',(-1.,0.,0.));
#3515=DIRECTION('',(0.,0.,1.));
#3516=DIRECTION('center_axis',(0.,0.,1.));
#3517=DIRECTION('ref_axis',(1.,0.,0.));
#3518=DIRECTION('',(1.,0.,0.));
#3519=DIRECTION('center_axis',(0.,0.,1.));
#3520=DIRECTION('ref_axis',(0.,1.,0.));
#3521=DIRECTION('',(0.,1.,0.));
#3522=DIRECTION('',(1.,0.,0.));
#3523=DIRECTION('center_axis',(0.,0.,1.));
#3524=DIRECTION('ref_axis',(0.,1.,0.));
#3525=DIRECTION('',(-1.,8.88178419700125E-16,0.));
#3526=DIRECTION('',(0.,-1.,0.));
#3527=DIRECTION('center_axis',(0.,0.,-1.));
#3528=DIRECTION('ref_axis',(1.,0.,0.));
#3529=DIRECTION('center_axis',(0.,0.,-1.));
#3530=DIRECTION('ref_axis',(1.,0.,0.));
#3531=DIRECTION('center_axis',(0.,0.,1.));
#3532=DIRECTION('ref_axis',(1.,0.,0.));
#3533=DIRECTION('center_axis',(0.,0.,1.));
#3534=DIRECTION('ref_axis',(0.,1.,0.));
#3535=DIRECTION('',(1.,0.,0.));
#3536=DIRECTION('',(0.,-1.,0.));
#3537=DIRECTION('',(-1.,8.88178419700125E-16,0.));
#3538=DIRECTION('center_axis',(0.,0.,1.));
#3539=DIRECTION('ref_axis',(0.,1.,0.));
#3540=DIRECTION('',(1.,0.,0.));
#3541=DIRECTION('',(0.,-1.,0.));
#3542=DIRECTION('',(1.,0.,0.));
#3543=DIRECTION('',(0.,1.,0.));
#3544=DIRECTION('',(1.,3.70074341541719E-16,0.));
#3545=DIRECTION('center_axis',(0.,0.,1.));
#3546=DIRECTION('ref_axis',(0.,-1.,0.));
#3547=DIRECTION('',(-1.,0.,0.));
#3548=DIRECTION('',(-3.5527136788005E-16,1.,0.));
#3549=DIRECTION('',(1.,1.03917588291437E-12,0.));
#3550=DIRECTION('center_axis',(0.,0.,1.));
#3551=DIRECTION('ref_axis',(0.,-1.,0.));
#3552=DIRECTION('',(-1.,-1.57030303836715E-12,0.));
#3553=DIRECTION('',(0.,1.,0.));
#3554=DIRECTION('',(-1.,0.,0.));
#3555=DIRECTION('',(5.9211894646675E-16,-1.,0.));
#3556=DIRECTION('',(-1.,0.,0.));
#3557=DIRECTION('',(-1.97372982155583E-16,1.,0.));
#3558=DIRECTION('',(-1.,0.,0.));
#3559=DIRECTION('',(0.,-1.,0.));
#3560=DIRECTION('',(0.,1.,0.));
#3561=DIRECTION('',(1.,0.,0.));
#3562=DIRECTION('',(1.15347845609348E-16,-1.,0.));
#3563=DIRECTION('',(-1.,0.,0.));
#3564=DIRECTION('center_axis',(0.,0.,-1.));
#3565=DIRECTION('ref_axis',(1.,0.,0.));
#3566=DIRECTION('center_axis',(0.,0.,-1.));
#3567=DIRECTION('ref_axis',(1.,0.,0.));
#3568=DIRECTION('center_axis',(0.,0.,-1.));
#3569=DIRECTION('ref_axis',(1.,0.,0.));
#3570=DIRECTION('center_axis',(0.,0.,-1.));
#3571=DIRECTION('ref_axis',(1.,0.,0.));
#3572=DIRECTION('center_axis',(1.,0.,0.));
#3573=DIRECTION('ref_axis',(0.,1.,0.));
#3574=DIRECTION('',(0.,-1.,0.));
#3575=DIRECTION('',(0.,0.,1.));
#3576=DIRECTION('',(0.,0.,1.));
#3577=DIRECTION('center_axis',(-1.,0.,0.));
#3578=DIRECTION('ref_axis',(0.,1.,0.));
#3579=DIRECTION('center_axis',(0.,0.,1.));
#3580=DIRECTION('ref_axis',(1.,0.,0.));
#3581=DIRECTION('',(0.,1.,0.));
#3582=DIRECTION('',(1.,0.,0.));
#3583=DIRECTION('',(0.,-1.,0.));
#3584=DIRECTION('',(1.,0.,0.));
#3585=DIRECTION('',(0.,1.,0.));
#3586=DIRECTION('',(1.,0.,0.));
#3587=DIRECTION('',(0.,-1.,0.));
#3588=DIRECTION('',(-1.,0.,0.));
#3589=DIRECTION('center_axis',(-1.57030303836715E-12,1.,0.));
#3590=DIRECTION('ref_axis',(-1.,-1.57030303836715E-12,0.));
#3591=DIRECTION('',(0.,0.,1.));
#3592=DIRECTION('',(-1.,-1.57030303836715E-12,0.));
#3593=DIRECTION('',(0.,0.,-1.));
#3594=DIRECTION('center_axis',(0.,0.,1.));
#3595=DIRECTION('ref_axis',(1.,0.,0.));
#3596=DIRECTION('',(1.,3.70074341541719E-16,0.));
#3597=DIRECTION('',(0.,-1.,0.));
#3598=DIRECTION('center_axis',(0.,0.,1.));
#3599=DIRECTION('ref_axis',(0.,-1.,0.));
#3600=DIRECTION('',(1.,1.03917588291437E-12,0.));
#3601=DIRECTION('',(-3.5527136788005E-16,1.,0.));
#3602=DIRECTION('',(-1.,0.,0.));
#3603=DIRECTION('center_axis',(0.,0.,1.));
#3604=DIRECTION('ref_axis',(0.,-1.,0.));
#3605=DIRECTION('center_axis',(0.,0.,-1.));
#3606=DIRECTION('ref_axis',(1.,0.,0.));
#3607=DIRECTION('center_axis',(0.,0.,-1.));
#3608=DIRECTION('ref_axis',(1.,0.,0.));
#3609=DIRECTION('center_axis',(-1.,-1.15347845609348E-16,0.));
#3610=DIRECTION('ref_axis',(1.15347845609348E-16,-1.,0.));
#3611=DIRECTION('',(-1.15347845609348E-16,1.,0.));
#3612=DIRECTION('',(0.,0.,1.));
#3613=DIRECTION('',(0.,0.,1.));
#3614=DIRECTION('center_axis',(1.,1.15347845609348E-16,0.));
#3615=DIRECTION('ref_axis',(0.,1.,0.));
#3616=DIRECTION('center_axis',(8.88178419700125E-16,1.,0.));
#3617=DIRECTION('ref_axis',(-1.,8.88178419700125E-16,0.));
#3618=DIRECTION('',(0.,0.,1.));
#3619=DIRECTION('',(0.,0.,1.));
#3620=DIRECTION('center_axis',(0.,0.,1.));
#3621=DIRECTION('ref_axis',(0.,1.,0.));
#3622=DIRECTION('',(0.,0.,1.));
#3623=DIRECTION('center_axis',(0.,-1.,0.));
#3624=DIRECTION('ref_axis',(1.,0.,0.));
#3625=DIRECTION('',(0.,0.,-1.));
#3626=DIRECTION('center_axis',(0.,0.,1.));
#3627=DIRECTION('ref_axis',(1.,0.,0.));
#3628=DIRECTION('',(0.,0.,-1.));
#3629=DIRECTION('center_axis',(0.,0.,1.));
#3630=DIRECTION('ref_axis',(1.,0.,0.));
#3631=DIRECTION('',(0.,0.,-1.));
#3632=DIRECTION('center_axis',(-1.,0.,0.));
#3633=DIRECTION('ref_axis',(0.,-1.,0.));
#3634=DIRECTION('',(0.,0.,1.));
#3635=DIRECTION('center_axis',(0.,-1.,0.));
#3636=DIRECTION('ref_axis',(1.,0.,0.));
#3637=DIRECTION('',(0.,0.,1.));
#3638=DIRECTION('center_axis',(0.,0.,1.));
#3639=DIRECTION('ref_axis',(0.,1.,0.));
#3640=DIRECTION('center_axis',(1.03917588291437E-12,-1.,0.));
#3641=DIRECTION('ref_axis',(1.,1.03917588291437E-12,0.));
#3642=DIRECTION('',(0.,0.,1.));
#3643=DIRECTION('',(0.,0.,1.));
#3644=DIRECTION('center_axis',(0.,0.,1.));
#3645=DIRECTION('ref_axis',(0.,-1.,0.));
#3646=DIRECTION('center_axis',(0.,0.,1.));
#3647=DIRECTION('ref_axis',(1.,0.,0.));
#3648=DIRECTION('',(0.,0.,-1.));
#3649=DIRECTION('center_axis',(0.,0.,1.));
#3650=DIRECTION('ref_axis',(1.,0.,0.));
#3651=DIRECTION('',(0.,0.,-1.));
#3652=DIRECTION('center_axis',(1.,3.5527136788005E-16,0.));
#3653=DIRECTION('ref_axis',(-3.5527136788005E-16,1.,0.));
#3654=DIRECTION('',(0.,0.,1.));
#3655=DIRECTION('center_axis',(0.,1.,0.));
#3656=DIRECTION('ref_axis',(-1.,0.,0.));
#3657=DIRECTION('',(0.,0.,1.));
#3658=DIRECTION('center_axis',(0.,0.,1.));
#3659=DIRECTION('ref_axis',(0.,-1.,0.));
#3660=DIRECTION('',(0.,0.,1.));
#3661=DIRECTION('center_axis',(3.70074341541719E-16,-1.,0.));
#3662=DIRECTION('ref_axis',(1.,3.70074341541719E-16,0.));
#3663=DIRECTION('',(0.,0.,1.));
#3664=DIRECTION('center_axis',(-1.,0.,0.));
#3665=DIRECTION('ref_axis',(0.,1.,0.));
#3666=DIRECTION('',(-1.,0.,0.));
#3667=DIRECTION('center_axis',(1.,0.,0.));
#3668=DIRECTION('ref_axis',(0.,1.,0.));
#3669=DIRECTION('center_axis',(-1.,0.,0.));
#3670=DIRECTION('ref_axis',(0.,1.,0.));
#3671=DIRECTION('center_axis',(-1.,0.,0.));
#3672=DIRECTION('ref_axis',(0.,1.,0.));
#3673=DIRECTION('',(-1.,0.,0.));
#3674=DIRECTION('center_axis',(0.,1.,0.));
#3675=DIRECTION('ref_axis',(-1.,0.,0.));
#3676=DIRECTION('',(1.,0.,0.));
#3677=DIRECTION('center_axis',(-1.,-5.9211894646675E-16,0.));
#3678=DIRECTION('ref_axis',(5.9211894646675E-16,-1.,0.));
#3679=DIRECTION('',(-5.9211894646675E-16,1.,0.));
#3680=DIRECTION('',(0.,0.,1.));
#3681=DIRECTION('',(0.,0.,1.));
#3682=DIRECTION('center_axis',(0.,1.,0.));
#3683=DIRECTION('ref_axis',(-1.,0.,0.));
#3684=DIRECTION('',(1.,0.,0.));
#3685=DIRECTION('',(0.,0.,1.));
#3686=DIRECTION('center_axis',(1.,1.97372982155583E-16,0.));
#3687=DIRECTION('ref_axis',(-1.97372982155583E-16,1.,0.));
#3688=DIRECTION('',(1.97372982155583E-16,-1.,0.));
#3689=DIRECTION('',(0.,0.,1.));
#3690=DIRECTION('center_axis',(0.,-1.,0.));
#3691=DIRECTION('ref_axis',(1.,0.,0.));
#3692=DIRECTION('',(-1.,0.,0.));
#3693=DIRECTION('center_axis',(0.,1.,0.));
#3694=DIRECTION('ref_axis',(-1.,0.,0.));
#3695=DIRECTION('',(0.,0.,1.));
#3696=DIRECTION('',(-1.,0.,0.));
#3697=DIRECTION('',(0.,0.,1.));
#3698=DIRECTION('center_axis',(0.,0.,1.));
#3699=DIRECTION('ref_axis',(1.,0.,0.));
#3700=DIRECTION('center_axis',(-1.,0.,0.));
#3701=DIRECTION('ref_axis',(0.,-1.,0.));
#3702=DIRECTION('',(0.,0.,1.));
#3703=DIRECTION('',(0.,0.,1.));
#3704=DIRECTION('center_axis',(0.,1.,0.));
#3705=DIRECTION('ref_axis',(-1.,0.,0.));
#3706=DIRECTION('',(-1.,0.,0.));
#3707=DIRECTION('',(0.,0.,1.));
#3708=DIRECTION('center_axis',(1.,0.,0.));
#3709=DIRECTION('ref_axis',(0.,1.,0.));
#3710=DIRECTION('',(0.,1.,0.));
#3711=DIRECTION('',(0.,0.,1.));
#3712=DIRECTION('center_axis',(0.,1.,0.));
#3713=DIRECTION('ref_axis',(-1.,0.,0.));
#3714=DIRECTION('',(-1.,0.,0.));
#3715=DIRECTION('',(0.,0.,1.));
#3716=DIRECTION('center_axis',(-1.,0.,0.));
#3717=DIRECTION('ref_axis',(0.,-1.,0.));
#3718=DIRECTION('',(0.,-1.,0.));
#3719=DIRECTION('center_axis',(1.,0.,0.));
#3720=DIRECTION('ref_axis',(0.,1.,0.));
#3721=DIRECTION('',(0.,0.,1.));
#3722=DIRECTION('center_axis',(0.,-1.,0.));
#3723=DIRECTION('ref_axis',(1.,0.,0.));
#3724=DIRECTION('center_axis',(0.,0.,1.));
#3725=DIRECTION('ref_axis',(1.,0.,0.));
#3726=DIRECTION('axis',(0.,0.,1.));
#3727=DIRECTION('refdir',(1.,0.,0.));
#3728=DIRECTION('axis',(0.,0.,1.));
#3729=DIRECTION('refdir',(1.,0.,0.));
#3730=DIRECTION('center_axis',(0.,0.,1.));
#3731=DIRECTION('ref_axis',(-1.,0.,0.));
#3732=DIRECTION('center_axis',(0.,0.,1.));
#3733=DIRECTION('ref_axis',(-1.,0.,0.));
#3734=DIRECTION('',(0.,0.,1.));
#3735=DIRECTION('center_axis',(0.,0.,-1.));
#3736=DIRECTION('ref_axis',(-1.,0.,0.));
#3737=DIRECTION('center_axis',(0.,0.,1.));
#3738=DIRECTION('ref_axis',(-1.,0.,0.));
#3739=DIRECTION('center_axis',(0.,0.,1.));
#3740=DIRECTION('ref_axis',(-1.,0.,0.));
#3741=DIRECTION('',(0.,0.,1.));
#3742=DIRECTION('center_axis',(0.,0.,-1.));
#3743=DIRECTION('ref_axis',(-1.,0.,0.));
#3744=DIRECTION('center_axis',(0.,0.,1.));
#3745=DIRECTION('ref_axis',(-1.,0.,0.));
#3746=DIRECTION('center_axis',(0.,0.,1.));
#3747=DIRECTION('ref_axis',(-1.,0.,0.));
#3748=DIRECTION('',(0.,0.,1.));
#3749=DIRECTION('center_axis',(0.,0.,-1.));
#3750=DIRECTION('ref_axis',(-1.,0.,0.));
#3751=DIRECTION('center_axis',(0.,0.,1.));
#3752=DIRECTION('ref_axis',(-1.,0.,0.));
#3753=DIRECTION('center_axis',(0.,0.,1.));
#3754=DIRECTION('ref_axis',(-1.,0.,0.));
#3755=DIRECTION('',(0.,0.,1.));
#3756=DIRECTION('center_axis',(0.,0.,-1.));
#3757=DIRECTION('ref_axis',(-1.,0.,0.));
#3758=DIRECTION('center_axis',(-1.,0.,0.));
#3759=DIRECTION('ref_axis',(0.,-1.,0.));
#3760=DIRECTION('',(0.,1.,0.));
#3761=DIRECTION('',(0.,0.,1.));
#3762=DIRECTION('',(0.,-1.,0.));
#3763=DIRECTION('',(0.,0.,1.));
#3764=DIRECTION('center_axis',(0.,1.,0.));
#3765=DIRECTION('ref_axis',(-1.,0.,0.));
#3766=DIRECTION('',(1.,0.,0.));
#3767=DIRECTION('',(-1.,0.,0.));
#3768=DIRECTION('',(0.,0.,1.));
#3769=DIRECTION('center_axis',(1.,0.,0.));
#3770=DIRECTION('ref_axis',(0.,1.,0.));
#3771=DIRECTION('',(0.,-1.,0.));
#3772=DIRECTION('',(0.,1.,0.));
#3773=DIRECTION('',(0.,0.,1.));
#3774=DIRECTION('center_axis',(0.,-1.,0.));
#3775=DIRECTION('ref_axis',(1.,0.,0.));
#3776=DIRECTION('',(-1.,0.,0.));
#3777=DIRECTION('',(1.,0.,0.));
#3778=DIRECTION('center_axis',(0.,0.,1.));
#3779=DIRECTION('ref_axis',(1.,0.,0.));
#3780=DIRECTION('center_axis',(0.,0.,1.));
#3781=DIRECTION('ref_axis',(-1.,0.,0.));
#3782=DIRECTION('',(0.,0.,1.));
#3783=DIRECTION('',(1.,0.,0.));
#3784=DIRECTION('',(0.,0.,1.));
#3785=DIRECTION('',(1.,0.,0.));
#3786=DIRECTION('',(0.,0.,1.));
#3787=DIRECTION('',(1.,0.,0.));
#3788=DIRECTION('axis',(0.,0.,1.));
#3789=DIRECTION('refdir',(1.,0.,0.));
#3790=DIRECTION('center_axis',(0.,0.,1.));
#3791=DIRECTION('ref_axis',(-1.,0.,0.));
#3792=DIRECTION('',(1.71575023190552E-6,-0.999999999998528,0.));
#3793=DIRECTION('center_axis',(0.,0.,-1.));
#3794=DIRECTION('ref_axis',(0.444445028230102,-0.895806126838583,0.));
#3795=DIRECTION('',(1.,7.10542735760103E-15,0.));
#3796=DIRECTION('center_axis',(0.,0.,-1.));
#3797=DIRECTION('ref_axis',(1.77635683940025E-15,-1.,0.));
#3798=DIRECTION('',(0.0775555152975755,-0.996988035057055,0.));
#3799=DIRECTION('',(-0.322849348022534,-0.946450367679904,0.));
#3800=DIRECTION('',(0.707106781186567,-0.707106781186528,0.));
#3801=DIRECTION('',(0.707106781186528,0.707106781186567,0.));
#3802=DIRECTION('center_axis',(0.,0.,1.));
#3803=DIRECTION('ref_axis',(0.707106781186567,-0.707106781186528,0.));
#3804=DIRECTION('',(-7.75197974904702E-17,1.,0.));
#3805=DIRECTION('center_axis',(0.,0.,1.));
#3806=DIRECTION('ref_axis',(1.,-1.42108547152024E-14,0.));
#3807=DIRECTION('',(-0.707106781186566,0.707106781186529,0.));
#3808=DIRECTION('',(-0.707106781186529,-0.707106781186566,0.));
#3809=DIRECTION('',(0.707106781186566,-0.707106781186529,0.));
#3810=DIRECTION('center_axis',(0.,0.,-1.));
#3811=DIRECTION('ref_axis',(1.,2.07241631263369E-14,0.));
#3812=DIRECTION('',(2.61373948403159E-14,-1.,0.));
#3813=DIRECTION('',(-0.342020143325762,-0.939692620785874,0.));
#3814=DIRECTION('',(-1.,3.59047227201228E-12,0.));
#3815=DIRECTION('center_axis',(0.,0.,1.));
#3816=DIRECTION('ref_axis',(3.5900171724279E-12,1.,0.));
#3817=DIRECTION('center_axis',(0.,0.,-1.));
#3818=DIRECTION('ref_axis',(0.999999999998528,1.71575023300008E-6,0.));
#3819=DIRECTION('center_axis',(0.,0.,-1.));
#3820=DIRECTION('ref_axis',(-1.,0.,0.));
#3821=DIRECTION('center_axis',(0.,0.,-1.));
#3822=DIRECTION('ref_axis',(-1.,0.,0.));
#3823=DIRECTION('',(0.,0.,-1.));
#3824=DIRECTION('center_axis',(0.,0.,1.));
#3825=DIRECTION('ref_axis',(-1.,0.,0.));
#3826=DIRECTION('center_axis',(0.,0.,1.));
#3827=DIRECTION('ref_axis',(0.999999999998528,1.71575023300008E-6,0.));
#3828=DIRECTION('center_axis',(0.,0.,1.));
#3829=DIRECTION('ref_axis',(0.999999999998528,1.71575023300008E-6,0.));
#3830=DIRECTION('',(0.,0.,1.));
#3831=DIRECTION('',(0.,0.,1.));
#3832=DIRECTION('center_axis',(0.,0.,1.));
#3833=DIRECTION('ref_axis',(3.5900171724279E-12,1.,0.));
#3834=DIRECTION('center_axis',(0.,0.,1.));
#3835=DIRECTION('ref_axis',(3.5900171724279E-12,1.,0.));
#3836=DIRECTION('',(0.,0.,1.));
#3837=DIRECTION('center_axis',(3.59047227201228E-12,1.,0.));
#3838=DIRECTION('ref_axis',(-1.,3.59047227201228E-12,0.));
#3839=DIRECTION('',(1.,-3.59047227201228E-12,0.));
#3840=DIRECTION('',(0.,0.,1.));
#3841=DIRECTION('center_axis',(-0.939692620785874,0.342020143325762,0.));
#3842=DIRECTION('ref_axis',(-0.342020143325762,-0.939692620785874,0.));
#3843=DIRECTION('',(0.342020143325762,0.939692620785874,0.));
#3844=DIRECTION('',(0.,0.,1.));
#3845=DIRECTION('center_axis',(-1.,-2.61373948403159E-14,0.));
#3846=DIRECTION('ref_axis',(2.61373948403159E-14,-1.,0.));
#3847=DIRECTION('',(-2.61373948403159E-14,1.,0.));
#3848=DIRECTION('',(0.,0.,1.));
#3849=DIRECTION('center_axis',(0.,0.,1.));
#3850=DIRECTION('ref_axis',(1.,2.07241631263369E-14,0.));
#3851=DIRECTION('center_axis',(0.,0.,1.));
#3852=DIRECTION('ref_axis',(1.,2.07241631263369E-14,0.));
#3853=DIRECTION('',(0.,0.,1.));
#3854=DIRECTION('center_axis',(-0.707106781186529,-0.707106781186566,0.));
#3855=DIRECTION('ref_axis',(0.707106781186566,-0.707106781186529,0.));
#3856=DIRECTION('',(-0.707106781186566,0.707106781186529,0.));
#3857=DIRECTION('',(0.,0.,1.));
#3858=DIRECTION('center_axis',(-0.707106781186566,0.707106781186529,0.));
#3859=DIRECTION('ref_axis',(-0.707106781186529,-0.707106781186566,0.));
#3860=DIRECTION('',(0.707106781186529,0.707106781186566,0.));
#3861=DIRECTION('',(0.,0.,1.));
#3862=DIRECTION('center_axis',(0.707106781186529,0.707106781186566,0.));
#3863=DIRECTION('ref_axis',(-0.707106781186566,0.707106781186529,0.));
#3864=DIRECTION('',(0.707106781186566,-0.707106781186529,0.));
#3865=DIRECTION('',(0.,0.,1.));
#3866=DIRECTION('center_axis',(0.,0.,1.));
#3867=DIRECTION('ref_axis',(1.,-1.42108547152024E-14,0.));
#3868=DIRECTION('center_axis',(0.,0.,1.));
#3869=DIRECTION('ref_axis',(1.,-1.42108547152024E-14,0.));
#3870=DIRECTION('',(0.,0.,1.));
#3871=DIRECTION('center_axis',(1.,7.75197974904702E-17,0.));
#3872=DIRECTION('ref_axis',(-7.75197974904702E-17,1.,0.));
#3873=DIRECTION('',(7.75197974904702E-17,-1.,0.));
#3874=DIRECTION('',(0.,0.,1.));
#3875=DIRECTION('center_axis',(0.,0.,1.));
#3876=DIRECTION('ref_axis',(0.707106781186567,-0.707106781186528,0.));
#3877=DIRECTION('center_axis',(0.,0.,1.));
#3878=DIRECTION('ref_axis',(0.707106781186567,-0.707106781186528,0.));
#3879=DIRECTION('',(0.,0.,1.));
#3880=DIRECTION('center_axis',(0.707106781186567,-0.707106781186528,0.));
#3881=DIRECTION('ref_axis',(0.707106781186528,0.707106781186567,0.));
#3882=DIRECTION('',(-0.707106781186528,-0.707106781186567,0.));
#3883=DIRECTION('',(0.,0.,1.));
#3884=DIRECTION('center_axis',(-0.707106781186528,-0.707106781186567,0.));
#3885=DIRECTION('ref_axis',(0.707106781186567,-0.707106781186528,0.));
#3886=DIRECTION('',(-0.707106781186567,0.707106781186528,0.));
#3887=DIRECTION('',(0.,0.,1.));
#3888=DIRECTION('center_axis',(-0.946450367679904,0.322849348022534,0.));
#3889=DIRECTION('ref_axis',(-0.322849348022534,-0.946450367679904,0.));
#3890=DIRECTION('',(0.322849348022534,0.946450367679904,0.));
#3891=DIRECTION('',(0.,0.,1.));
#3892=DIRECTION('center_axis',(-0.996988035057055,-0.0775555152975755,0.));
#3893=DIRECTION('ref_axis',(0.0775555152975755,-0.996988035057055,0.));
#3894=DIRECTION('',(0.0775555152975755,-0.996988035057055,0.));
#3895=DIRECTION('',(0.,0.,1.));
#3896=DIRECTION('center_axis',(0.,0.,1.));
#3897=DIRECTION('ref_axis',(1.77635683940025E-15,-1.,0.));
#3898=DIRECTION('center_axis',(0.,0.,1.));
#3899=DIRECTION('ref_axis',(1.77635683940025E-15,-1.,0.));
#3900=DIRECTION('',(0.,0.,1.));
#3901=DIRECTION('center_axis',(7.10542735760103E-15,-1.,0.));
#3902=DIRECTION('ref_axis',(1.,7.10542735760103E-15,0.));
#3903=DIRECTION('',(-1.,-7.10542735760103E-15,0.));
#3904=DIRECTION('',(0.,0.,1.));
#3905=DIRECTION('center_axis',(0.,0.,1.));
#3906=DIRECTION('ref_axis',(0.444445028230102,-0.895806126838583,0.));
#3907=DIRECTION('center_axis',(0.,0.,1.));
#3908=DIRECTION('ref_axis',(0.444445028230102,-0.895806126838583,0.));
#3909=DIRECTION('',(0.,0.,1.));
#3910=DIRECTION('center_axis',(-0.999999999998528,-1.71575023190552E-6,
0.));
#3911=DIRECTION('ref_axis',(1.71575023190552E-6,-0.999999999998528,0.));
#3912=DIRECTION('',(1.71575023190552E-6,-0.999999999998528,0.));
#3913=DIRECTION('center_axis',(0.,0.,1.));
#3914=DIRECTION('ref_axis',(-1.,0.,0.));
#3915=DIRECTION('axis',(0.,0.,1.));
#3916=DIRECTION('refdir',(1.,0.,0.));
#3917=DIRECTION('center_axis',(-1.,0.,0.));
#3918=DIRECTION('ref_axis',(0.,-1.,0.));
#3919=DIRECTION('center_axis',(-1.,0.,-1.10524778683949E-46));
#3920=DIRECTION('ref_axis',(0.,-1.,0.));
#3921=DIRECTION('',(-1.,0.,0.));
#3922=DIRECTION('center_axis',(1.,0.,0.));
#3923=DIRECTION('ref_axis',(0.,-1.,0.));
#3924=DIRECTION('center_axis',(-1.,0.,0.));
#3925=DIRECTION('ref_axis',(0.,-1.,0.));
#3926=DIRECTION('center_axis',(-1.,0.,-1.10524778683949E-46));
#3927=DIRECTION('ref_axis',(0.,-1.,0.));
#3928=DIRECTION('',(-1.,0.,0.));
#3929=DIRECTION('center_axis',(1.,0.,0.));
#3930=DIRECTION('ref_axis',(0.,-1.,0.));
#3931=DIRECTION('center_axis',(-1.,0.,0.));
#3932=DIRECTION('ref_axis',(0.,-1.,0.));
#3933=DIRECTION('center_axis',(-1.,0.,-1.10524778683949E-46));
#3934=DIRECTION('ref_axis',(0.,-1.,0.));
#3935=DIRECTION('',(-1.,0.,0.));
#3936=DIRECTION('center_axis',(1.,0.,0.));
#3937=DIRECTION('ref_axis',(0.,-1.,0.));
#3938=DIRECTION('center_axis',(-1.,0.,0.));
#3939=DIRECTION('ref_axis',(0.,-1.,0.));
#3940=DIRECTION('center_axis',(-1.,0.,-1.10524778683949E-46));
#3941=DIRECTION('ref_axis',(0.,-1.,0.));
#3942=DIRECTION('',(-1.,0.,0.));
#3943=DIRECTION('center_axis',(1.,0.,0.));
#3944=DIRECTION('ref_axis',(0.,-1.,0.));
#3945=DIRECTION('center_axis',(-1.,0.,0.));
#3946=DIRECTION('ref_axis',(0.,1.,-1.22464679914735E-16));
#3947=DIRECTION('',(-1.,0.,0.));
#3948=DIRECTION('center_axis',(-1.,0.,-1.10524778683949E-46));
#3949=DIRECTION('ref_axis',(0.,-1.,0.));
#3950=DIRECTION('',(1.,0.,0.));
#3951=DIRECTION('center_axis',(1.,0.,0.));
#3952=DIRECTION('ref_axis',(0.,-1.,0.));
#3953=DIRECTION('center_axis',(0.,-1.,0.));
#3954=DIRECTION('ref_axis',(7.59511362777679E-47,0.,1.));
#3955=DIRECTION('',(7.59511362777679E-47,0.,1.));
#3956=DIRECTION('',(-1.,0.,0.));
#3957=DIRECTION('',(7.59511362777679E-47,0.,1.));
#3958=DIRECTION('center_axis',(0.,-1.,0.));
#3959=DIRECTION('ref_axis',(7.59511362777679E-47,0.,1.));
#3960=DIRECTION('',(7.59511362777679E-47,0.,1.));
#3961=DIRECTION('',(-1.,0.,0.));
#3962=DIRECTION('',(7.59511362777679E-47,0.,1.));
#3963=DIRECTION('center_axis',(-1.,0.,-1.10524778683949E-46));
#3964=DIRECTION('ref_axis',(0.,-1.,0.));
#3965=DIRECTION('',(0.,-1.,0.));
#3966=DIRECTION('',(0.,-0.538004110397244,-0.842942214624271));
#3967=DIRECTION('',(0.,0.,-1.));
#3968=DIRECTION('',(0.,1.,0.));
#3969=DIRECTION('',(-6.91999241641885E-47,0.779740154622462,0.626103259270656));
#3970=DIRECTION('center_axis',(-1.,0.,-1.10524778683949E-46));
#3971=DIRECTION('ref_axis',(1.06581410364015E-14,1.,1.47510826300546E-29));
#3972=DIRECTION('center_axis',(-1.,0.,-1.10524778683949E-46));
#3973=DIRECTION('ref_axis',(1.06581410364015E-14,1.,1.47510826300546E-29));
#3974=DIRECTION('center_axis',(-1.,0.,-1.10524778683949E-46));
#3975=DIRECTION('ref_axis',(1.06581410364015E-14,1.,1.47510826300546E-29));
#3976=DIRECTION('center_axis',(-1.,0.,-1.10524778683949E-46));
#3977=DIRECTION('ref_axis',(7.105427357601E-15,1.,1.47510826300546E-29));
#3978=DIRECTION('center_axis',(-1.,0.,-1.10524778683949E-46));
#3979=DIRECTION('ref_axis',(1.06581410364015E-14,1.,1.47510826300546E-29));
#3980=DIRECTION('center_axis',(1.,-1.06581410364015E-14,0.));
#3981=DIRECTION('ref_axis',(1.06581410364015E-14,1.,1.47510826300546E-29));
#3982=DIRECTION('center_axis',(1.,0.,0.));
#3983=DIRECTION('ref_axis',(1.06581410364015E-14,1.,1.47510826300546E-29));
#3984=DIRECTION('',(1.,-1.06581410364015E-14,0.));
#3985=DIRECTION('center_axis',(1.,-7.105427357601E-15,0.));
#3986=DIRECTION('ref_axis',(7.105427357601E-15,1.,1.47510826300546E-29));
#3987=DIRECTION('center_axis',(1.,0.,0.));
#3988=DIRECTION('ref_axis',(7.105427357601E-15,1.,1.47510826300546E-29));
#3989=DIRECTION('',(1.,-7.105427357601E-15,0.));
#3990=DIRECTION('center_axis',(1.,-1.06581410364015E-14,0.));
#3991=DIRECTION('ref_axis',(1.06581410364015E-14,1.,1.47510826300546E-29));
#3992=DIRECTION('center_axis',(1.,0.,0.));
#3993=DIRECTION('ref_axis',(1.06581410364015E-14,1.,1.47510826300546E-29));
#3994=DIRECTION('',(1.,-1.06581410364015E-14,0.));
#3995=DIRECTION('center_axis',(1.,-1.06581410364015E-14,0.));
#3996=DIRECTION('ref_axis',(1.06581410364015E-14,1.,1.47510826300546E-29));
#3997=DIRECTION('center_axis',(1.,0.,0.));
#3998=DIRECTION('ref_axis',(1.06581410364015E-14,1.,1.47510826300546E-29));
#3999=DIRECTION('',(1.,-1.06581410364015E-14,0.));
#4000=DIRECTION('center_axis',(1.,-1.06581410364015E-14,0.));
#4001=DIRECTION('ref_axis',(1.06581410364015E-14,1.,1.47510826300546E-29));
#4002=DIRECTION('center_axis',(1.,0.,0.));
#4003=DIRECTION('ref_axis',(1.06581410364015E-14,1.,1.47510826300546E-29));
#4004=DIRECTION('',(1.,-1.06581410364015E-14,0.));
#4005=DIRECTION('center_axis',(0.,0.,-1.));
#4006=DIRECTION('ref_axis',(0.,-1.,0.));
#4007=DIRECTION('',(0.,-1.,0.));
#4008=DIRECTION('',(-1.,0.,0.));
#4009=DIRECTION('center_axis',(0.,0.842942214624271,-0.538004110397244));
#4010=DIRECTION('ref_axis',(0.,-0.538004110397244,-0.842942214624271));
#4011=DIRECTION('',(0.,-0.538004110397244,-0.842942214624271));
#4012=DIRECTION('',(-1.,0.,0.));
#4013=DIRECTION('center_axis',(0.,1.,0.));
#4014=DIRECTION('ref_axis',(0.,0.,-1.));
#4015=DIRECTION('',(0.,0.,-1.));
#4016=DIRECTION('',(-1.,0.,0.));
#4017=DIRECTION('center_axis',(0.,0.,1.));
#4018=DIRECTION('ref_axis',(0.,1.,0.));
#4019=DIRECTION('',(0.,1.,0.));
#4020=DIRECTION('',(-1.,0.,0.));
#4021=DIRECTION('center_axis',(0.,-0.626103259270656,0.779740154622462));
#4022=DIRECTION('ref_axis',(-6.91999241641885E-47,0.779740154622462,0.626103259270656));
#4023=DIRECTION('',(-6.91999241641885E-47,0.779740154622462,0.626103259270656));
#4024=DIRECTION('center_axis',(-1.,0.,0.));
#4025=DIRECTION('ref_axis',(0.,0.,1.));
#4026=DIRECTION('center_axis',(1.,0.,0.));
#4027=DIRECTION('ref_axis',(0.,-1.,0.));
#4028=DIRECTION('center_axis',(1.,0.,0.));
#4029=DIRECTION('ref_axis',(0.,-1.,0.));
#4030=DIRECTION('',(1.,0.,0.));
#4031=DIRECTION('center_axis',(-1.,0.,-1.10524778683949E-46));
#4032=DIRECTION('ref_axis',(0.,-1.,0.));
#4033=DIRECTION('center_axis',(-1.,0.,0.));
#4034=DIRECTION('ref_axis',(0.,-1.,0.));
#4035=DIRECTION('center_axis',(-1.,0.,-1.10524778683949E-46));
#4036=DIRECTION('ref_axis',(0.,-1.,0.));
#4037=DIRECTION('',(-1.,0.,0.));
#4038=DIRECTION('center_axis',(1.,0.,0.));
#4039=DIRECTION('ref_axis',(0.,-1.,0.));
#4040=DIRECTION('center_axis',(-1.,0.,0.));
#4041=DIRECTION('ref_axis',(0.,-1.,0.));
#4042=DIRECTION('center_axis',(-1.,0.,-1.10524778683949E-46));
#4043=DIRECTION('ref_axis',(0.,-1.,0.));
#4044=DIRECTION('',(-1.,0.,0.));
#4045=DIRECTION('center_axis',(1.,0.,0.));
#4046=DIRECTION('ref_axis',(0.,-1.,0.));
#4047=DIRECTION('center_axis',(-1.,0.,0.));
#4048=DIRECTION('ref_axis',(0.,-1.,0.));
#4049=DIRECTION('center_axis',(-1.,0.,-1.10524778683949E-46));
#4050=DIRECTION('ref_axis',(0.,-1.,0.));
#4051=DIRECTION('',(-1.,0.,0.));
#4052=DIRECTION('center_axis',(1.,0.,0.));
#4053=DIRECTION('ref_axis',(0.,-1.,0.));
#4054=DIRECTION('center_axis',(-1.,0.,0.));
#4055=DIRECTION('ref_axis',(0.,-1.,0.));
#4056=DIRECTION('center_axis',(-1.,0.,-1.10524778683949E-46));
#4057=DIRECTION('ref_axis',(0.,-1.,0.));
#4058=DIRECTION('',(-1.,0.,0.));
#4059=DIRECTION('center_axis',(1.,0.,0.));
#4060=DIRECTION('ref_axis',(0.,-1.,0.));
#4061=DIRECTION('center_axis',(-1.,0.,0.));
#4062=DIRECTION('ref_axis',(0.,1.,-1.22464679914735E-16));
#4063=DIRECTION('',(-1.,0.,0.));
#4064=DIRECTION('center_axis',(-1.,0.,-1.10524778683949E-46));
#4065=DIRECTION('ref_axis',(0.,-1.,0.));
#4066=DIRECTION('',(1.,0.,0.));
#4067=DIRECTION('center_axis',(1.,0.,0.));
#4068=DIRECTION('ref_axis',(0.,-1.,0.));
#4069=DIRECTION('center_axis',(0.,-1.,0.));
#4070=DIRECTION('ref_axis',(7.59511362777679E-47,0.,1.));
#4071=DIRECTION('',(7.59511362777679E-47,0.,1.));
#4072=DIRECTION('',(-1.,0.,0.));
#4073=DIRECTION('',(7.59511362777679E-47,0.,1.));
#4074=DIRECTION('center_axis',(0.,-1.,0.));
#4075=DIRECTION('ref_axis',(7.59511362777679E-47,0.,1.));
#4076=DIRECTION('',(7.59511362777679E-47,0.,1.));
#4077=DIRECTION('',(-1.,0.,0.));
#4078=DIRECTION('',(7.59511362777679E-47,0.,1.));
#4079=DIRECTION('center_axis',(-1.,0.,-1.10524778683949E-46));
#4080=DIRECTION('ref_axis',(0.,-1.,0.));
#4081=DIRECTION('',(0.,-1.,0.));
#4082=DIRECTION('',(0.,-0.538004110397244,-0.842942214624271));
#4083=DIRECTION('',(0.,0.,-1.));
#4084=DIRECTION('',(0.,1.,0.));
#4085=DIRECTION('',(-6.91999241641885E-47,0.779740154622462,0.626103259270656));
#4086=DIRECTION('center_axis',(0.,0.,-1.));
#4087=DIRECTION('ref_axis',(0.,-1.,0.));
#4088=DIRECTION('',(0.,-1.,0.));
#4089=DIRECTION('',(-1.,0.,0.));
#4090=DIRECTION('center_axis',(0.,0.842942214624271,-0.538004110397244));
#4091=DIRECTION('ref_axis',(0.,-0.538004110397244,-0.842942214624271));
#4092=DIRECTION('',(0.,-0.538004110397244,-0.842942214624271));
#4093=DIRECTION('',(-1.,0.,0.));
#4094=DIRECTION('center_axis',(0.,1.,0.));
#4095=DIRECTION('ref_axis',(0.,0.,-1.));
#4096=DIRECTION('',(0.,0.,-1.));
#4097=DIRECTION('',(-1.,0.,0.));
#4098=DIRECTION('center_axis',(0.,0.,1.));
#4099=DIRECTION('ref_axis',(0.,1.,0.));
#4100=DIRECTION('',(0.,1.,0.));
#4101=DIRECTION('',(-1.,0.,0.));
#4102=DIRECTION('center_axis',(0.,-0.626103259270656,0.779740154622462));
#4103=DIRECTION('ref_axis',(-6.91999241641885E-47,0.779740154622462,0.626103259270656));
#4104=DIRECTION('',(-6.91999241641885E-47,0.779740154622462,0.626103259270656));
#4105=DIRECTION('center_axis',(-1.,0.,0.));
#4106=DIRECTION('ref_axis',(0.,0.,1.));
#4107=DIRECTION('center_axis',(0.,0.,1.));
#4108=DIRECTION('ref_axis',(1.,0.,0.));
#4109=DIRECTION('',(-1.,-3.70074341541719E-16,0.));
#4110=DIRECTION('center_axis',(0.,0.,-1.));
#4111=DIRECTION('ref_axis',(0.,-1.,0.));
#4112=DIRECTION('',(1.,0.,0.));
#4113=DIRECTION('',(3.5527136788005E-16,-1.,0.));
#4114=DIRECTION('',(-1.,-1.03917588291437E-12,0.));
#4115=DIRECTION('center_axis',(0.,0.,-1.));
#4116=DIRECTION('ref_axis',(0.,-1.,0.));
#4117=DIRECTION('',(1.,1.57030303836715E-12,0.));
#4118=DIRECTION('',(0.,1.,0.));
#4119=DIRECTION('center_axis',(0.,0.,1.));
#4120=DIRECTION('ref_axis',(1.,0.,0.));
#4121=DIRECTION('center_axis',(0.,0.,1.));
#4122=DIRECTION('ref_axis',(1.,0.,0.));
#4123=DIRECTION('center_axis',(1.,3.5527136788005E-16,0.));
#4124=DIRECTION('ref_axis',(3.5527136788005E-16,-1.,0.));
#4125=DIRECTION('',(0.,0.,-1.));
#4126=DIRECTION('',(3.5527136788005E-16,-1.,0.));
#4127=DIRECTION('',(0.,0.,-1.));
#4128=DIRECTION('center_axis',(0.,1.,0.));
#4129=DIRECTION('ref_axis',(1.,0.,0.));
#4130=DIRECTION('',(0.,0.,-1.));
#4131=DIRECTION('',(1.,0.,0.));
#4132=DIRECTION('center_axis',(0.,0.,-1.));
#4133=DIRECTION('ref_axis',(0.,-1.,0.));
#4134=DIRECTION('',(0.,0.,-1.));
#4135=DIRECTION('center_axis',(0.,0.,-1.));
#4136=DIRECTION('ref_axis',(0.,-1.,0.));
#4137=DIRECTION('center_axis',(3.70074341541719E-16,-1.,0.));
#4138=DIRECTION('ref_axis',(-1.,-3.70074341541719E-16,0.));
#4139=DIRECTION('',(0.,0.,-1.));
#4140=DIRECTION('',(-1.,-3.70074341541719E-16,0.));
#4141=DIRECTION('center_axis',(0.,0.,-1.));
#4142=DIRECTION('ref_axis',(1.,0.,0.));
#4143=DIRECTION('center_axis',(0.,0.,1.));
#4144=DIRECTION('ref_axis',(1.,0.,0.));
#4145=DIRECTION('',(0.,0.,1.));
#4146=DIRECTION('center_axis',(0.,0.,-1.));
#4147=DIRECTION('ref_axis',(1.,0.,0.));
#4148=DIRECTION('center_axis',(0.,0.,1.));
#4149=DIRECTION('ref_axis',(1.,0.,0.));
#4150=DIRECTION('',(0.,0.,1.));
#4151=DIRECTION('center_axis',(1.03917588291437E-12,-1.,0.));
#4152=DIRECTION('ref_axis',(-1.,-1.03917588291437E-12,0.));
#4153=DIRECTION('',(-1.,-1.03917588291437E-12,0.));
#4154=DIRECTION('',(0.,0.,-1.));
#4155=DIRECTION('center_axis',(0.,0.,-1.));
#4156=DIRECTION('ref_axis',(1.,1.28885407452884E-11,0.));
#4157=DIRECTION('center_axis',(0.,0.,-1.));
#4158=DIRECTION('ref_axis',(0.,-1.,0.));
#4159=DIRECTION('',(0.,0.,-1.));
#4160=DIRECTION('center_axis',(-1.57030303836715E-12,1.,0.));
#4161=DIRECTION('ref_axis',(1.,1.57030303836715E-12,0.));
#4162=DIRECTION('',(1.,1.57030303836715E-12,0.));
#4163=DIRECTION('',(0.,0.,-1.));
#4164=DIRECTION('center_axis',(-1.,0.,0.));
#4165=DIRECTION('ref_axis',(0.,1.,0.));
#4166=DIRECTION('',(0.,1.,0.));
#4167=DIRECTION('center_axis',(0.,0.,1.));
#4168=DIRECTION('ref_axis',(1.,0.,0.));
#4169=DIRECTION('center_axis',(0.,0.,1.));
#4170=DIRECTION('ref_axis',(1.,0.,0.));
#4171=DIRECTION('',(-1.,0.,0.));
#4172=DIRECTION('',(0.,1.,0.));
#4173=DIRECTION('',(1.,-8.88178419700125E-16,0.));
#4174=DIRECTION('center_axis',(0.,0.,-1.));
#4175=DIRECTION('ref_axis',(0.,1.,0.));
#4176=DIRECTION('',(-1.,0.,0.));
#4177=DIRECTION('',(0.,-1.,0.));
#4178=DIRECTION('',(1.,0.,0.));
#4179=DIRECTION('center_axis',(0.,0.,-1.));
#4180=DIRECTION('ref_axis',(0.,1.,0.));
#4181=DIRECTION('center_axis',(0.,0.,1.));
#4182=DIRECTION('ref_axis',(1.,0.,0.));
#4183=DIRECTION('center_axis',(0.,0.,1.));
#4184=DIRECTION('ref_axis',(1.,0.,0.));
#4185=DIRECTION('center_axis',(0.,0.,-1.));
#4186=DIRECTION('ref_axis',(0.,1.,0.));
#4187=DIRECTION('',(0.,0.,-1.));
#4188=DIRECTION('center_axis',(0.,0.,-1.));
#4189=DIRECTION('ref_axis',(0.,1.,0.));
#4190=DIRECTION('',(0.,0.,-1.));
#4191=DIRECTION('center_axis',(8.88178419700125E-16,1.,0.));
#4192=DIRECTION('ref_axis',(1.,-8.88178419700125E-16,0.));
#4193=DIRECTION('',(0.,0.,-1.));
#4194=DIRECTION('',(1.,-8.88178419700125E-16,0.));
#4195=DIRECTION('center_axis',(-1.,0.,0.));
#4196=DIRECTION('ref_axis',(0.,1.,0.));
#4197=DIRECTION('',(0.,0.,-1.));
#4198=DIRECTION('',(0.,1.,0.));
#4199=DIRECTION('center_axis',(0.,-1.,0.));
#4200=DIRECTION('ref_axis',(-1.,0.,0.));
#4201=DIRECTION('',(0.,0.,-1.));
#4202=DIRECTION('',(-1.,0.,0.));
#4203=DIRECTION('center_axis',(0.,0.,-1.));
#4204=DIRECTION('ref_axis',(1.,0.,0.));
#4205=DIRECTION('center_axis',(0.,0.,1.));
#4206=DIRECTION('ref_axis',(1.,0.,0.));
#4207=DIRECTION('',(0.,0.,1.));
#4208=DIRECTION('center_axis',(0.,0.,-1.));
#4209=DIRECTION('ref_axis',(1.,0.,0.));
#4210=DIRECTION('center_axis',(0.,0.,1.));
#4211=DIRECTION('ref_axis',(1.,0.,0.));
#4212=DIRECTION('',(0.,0.,1.));
#4213=DIRECTION('center_axis',(0.,-1.,0.));
#4214=DIRECTION('ref_axis',(-1.,0.,0.));
#4215=DIRECTION('',(-1.,0.,0.));
#4216=DIRECTION('',(0.,0.,-1.));
#4217=DIRECTION('center_axis',(1.,0.,0.));
#4218=DIRECTION('ref_axis',(0.,-1.,0.));
#4219=DIRECTION('',(0.,-1.,0.));
#4220=DIRECTION('',(0.,0.,-1.));
#4221=DIRECTION('center_axis',(0.,1.,0.));
#4222=DIRECTION('ref_axis',(1.,0.,0.));
#4223=DIRECTION('',(1.,0.,0.));
#4224=DIRECTION('',(0.,0.,-1.));
#4225=DIRECTION('center_axis',(0.,0.,-1.));
#4226=DIRECTION('ref_axis',(0.,1.,0.));
#4227=DIRECTION('center_axis',(0.,0.,-1.));
#4228=DIRECTION('ref_axis',(0.,1.,0.));
#4229=DIRECTION('center_axis',(0.,0.,1.));
#4230=DIRECTION('ref_axis',(1.,0.,0.));
#4231=DIRECTION('center_axis',(0.,1.,0.));
#4232=DIRECTION('ref_axis',(0.,0.,-1.));
#4233=DIRECTION('',(0.,0.,1.));
#4234=DIRECTION('',(-1.,0.,0.));
#4235=DIRECTION('',(0.,0.,-1.));
#4236=DIRECTION('',(-1.,0.,0.));
#4237=DIRECTION('center_axis',(0.,0.,1.));
#4238=DIRECTION('ref_axis',(0.,1.,0.));
#4239=DIRECTION('',(0.,-1.,0.));
#4240=DIRECTION('',(0.,1.,0.));
#4241=DIRECTION('',(-1.,0.,0.));
#4242=DIRECTION('center_axis',(0.,-1.,0.));
#4243=DIRECTION('ref_axis',(0.,0.,1.));
#4244=DIRECTION('',(0.,0.,1.));
#4245=DIRECTION('',(0.,0.,1.));
#4246=DIRECTION('',(-1.,0.,0.));
#4247=DIRECTION('center_axis',(0.,0.,-1.));
#4248=DIRECTION('ref_axis',(0.,-1.,0.));
#4249=DIRECTION('',(0.,1.,0.));
#4250=DIRECTION('',(0.,-1.,0.));
#4251=DIRECTION('center_axis',(-1.,0.,0.));
#4252=DIRECTION('ref_axis',(0.,0.,1.));
#4253=DIRECTION('center_axis',(-1.,0.,0.));
#4254=DIRECTION('ref_axis',(0.,-1.,0.));
#4255=DIRECTION('center_axis',(0.,-1.,0.));
#4256=DIRECTION('ref_axis',(0.,0.,-1.));
#4257=DIRECTION('',(0.,0.,1.));
#4258=DIRECTION('',(1.,0.,0.));
#4259=DIRECTION('',(0.,0.,-1.));
#4260=DIRECTION('',(1.,0.,0.));
#4261=DIRECTION('center_axis',(0.,0.,1.));
#4262=DIRECTION('ref_axis',(0.,-1.,0.));
#4263=DIRECTION('',(0.,1.,0.));
#4264=DIRECTION('',(0.,-1.,0.));
#4265=DIRECTION('',(1.,0.,0.));
#4266=DIRECTION('center_axis',(0.,1.,0.));
#4267=DIRECTION('ref_axis',(0.,0.,1.));
#4268=DIRECTION('',(0.,0.,1.));
#4269=DIRECTION('',(0.,0.,1.));
#4270=DIRECTION('',(1.,0.,0.));
#4271=DIRECTION('center_axis',(0.,0.,-1.));
#4272=DIRECTION('ref_axis',(0.,1.,0.));
#4273=DIRECTION('',(0.,-1.,0.));
#4274=DIRECTION('',(0.,1.,0.));
#4275=DIRECTION('center_axis',(1.,0.,0.));
#4276=DIRECTION('ref_axis',(0.,0.,-1.));
#4277=DIRECTION('center_axis',(1.,0.,0.));
#4278=DIRECTION('ref_axis',(0.,1.,0.));
#4279=DIRECTION('',(0.,0.,1.));
#4280=DIRECTION('',(1.,0.,0.));
#4281=DIRECTION('',(0.,-1.66533453693773E-16,0.999999999999999));
#4282=DIRECTION('',(1.,0.,0.));
#4283=DIRECTION('',(5.05151476204446E-14,2.44249065417533E-15,-0.999999999999999));
#4284=DIRECTION('',(-1.,-8.43249166850508E-28,-5.05151476204446E-14));
#4285=DIRECTION('',(0.,0.,1.));
#4286=DIRECTION('',(1.,0.,0.));
#4287=CARTESIAN_POINT('',(0.,0.,0.));
#4288=CARTESIAN_POINT('',(0.,0.,0.));
#4289=CARTESIAN_POINT('',(0.,0.,0.));
#4290=CARTESIAN_POINT('Origin',(-94.9766173889725,-44.9959198541096,36.4317139958649));
#4291=CARTESIAN_POINT('',(-96.8681673889725,-44.9959198541096,37.));
#4292=CARTESIAN_POINT('Origin',(-94.9766173889725,-44.9959198541096,37.));
#4293=CARTESIAN_POINT('',(-94.9766173889725,-44.9959198541096,35.8634420960784));
#4294=CARTESIAN_POINT('',(-95.9223806521834,-44.9959198541096,36.4317139958649));
#4295=CARTESIAN_POINT('Origin',(-94.9766173889725,-44.9959198541096,44.82075));
#4296=CARTESIAN_POINT('',(-97.2266173889725,-44.9959198541096,45.));
#4297=CARTESIAN_POINT('Origin',(-94.9766173889725,-44.9959198541096,45.));
#4298=CARTESIAN_POINT('',(-96.8681673889725,-44.9959198541096,44.64155));
#4299=CARTESIAN_POINT('',(-97.0473673889725,-44.9959198541096,44.82075));
#4300=CARTESIAN_POINT('Origin',(-94.9766173889725,-44.9959198541096,44.64155));
#4301=CARTESIAN_POINT('Origin',(-94.9766173889725,-44.9959198541096,41.));
#4302=CARTESIAN_POINT('',(-96.8681673889725,-44.9959198541096,41.));
#4303=CARTESIAN_POINT('Origin',(95.0058295497607,-44.9976435347219,36.4317139958649));
#4304=CARTESIAN_POINT('',(93.1142795497607,-44.9976435347219,37.));
#4305=CARTESIAN_POINT('Origin',(95.0058295497607,-44.9976435347219,37.));
#4306=CARTESIAN_POINT('',(95.0058295497607,-44.9976435347219,35.8634420960784));
#4307=CARTESIAN_POINT('',(94.0600662865497,-44.9976435347219,36.4317139958649));
#4308=CARTESIAN_POINT('Origin',(95.0058295497607,-44.9976435347219,44.82075));
#4309=CARTESIAN_POINT('',(92.7558295497607,-44.9976435347219,45.));
#4310=CARTESIAN_POINT('Origin',(95.0058295497607,-44.9976435347219,45.));
#4311=CARTESIAN_POINT('',(93.1142795497607,-44.9976435347219,44.64155));
#4312=CARTESIAN_POINT('',(92.9350795497607,-44.9976435347219,44.82075));
#4313=CARTESIAN_POINT('Origin',(95.0058295497607,-44.9976435347219,44.64155));
#4314=CARTESIAN_POINT('Origin',(95.0058295497607,-44.9976435347219,41.));
#4315=CARTESIAN_POINT('',(93.1142795497607,-44.9976435347219,41.));
#4316=CARTESIAN_POINT('Origin',(94.9962706490485,110.013694646326,36.4317139958649));
#4317=CARTESIAN_POINT('',(93.1047206490485,110.013694646326,37.));
#4318=CARTESIAN_POINT('Origin',(94.9962706490485,110.013694646326,37.));
#4319=CARTESIAN_POINT('',(94.9962706490485,110.013694646326,35.8634420960784));
#4320=CARTESIAN_POINT('',(94.0505073858376,110.013694646326,36.4317139958649));
#4321=CARTESIAN_POINT('Origin',(94.9962706490485,110.013694646326,44.82075));
#4322=CARTESIAN_POINT('',(92.7462706490485,110.013694646326,45.));
#4323=CARTESIAN_POINT('Origin',(94.9962706490485,110.013694646326,45.));
#4324=CARTESIAN_POINT('',(93.1047206490485,110.013694646326,44.64155));
#4325=CARTESIAN_POINT('',(92.9255206490485,110.013694646326,44.82075));
#4326=CARTESIAN_POINT('Origin',(94.9962706490485,110.013694646326,44.64155));
#4327=CARTESIAN_POINT('Origin',(94.9962706490485,110.013694646326,41.));
#4328=CARTESIAN_POINT('',(93.1047206490485,110.013694646326,41.));
#4329=CARTESIAN_POINT('Origin',(-95.0263358309479,110.01929893342,36.4317139958649));
#4330=CARTESIAN_POINT('',(-96.9178858309479,110.01929893342,37.));
#4331=CARTESIAN_POINT('Origin',(-95.0263358309479,110.01929893342,37.));
#4332=CARTESIAN_POINT('',(-95.0263358309479,110.01929893342,35.8634420960784));
#4333=CARTESIAN_POINT('',(-95.9720990941589,110.01929893342,36.4317139958649));
#4334=CARTESIAN_POINT('Origin',(-95.0263358309479,110.01929893342,44.82075));
#4335=CARTESIAN_POINT('',(-97.2763358309479,110.01929893342,45.));
#4336=CARTESIAN_POINT('Origin',(-95.0263358309479,110.01929893342,45.));
#4337=CARTESIAN_POINT('',(-96.9178858309479,110.01929893342,44.64155));
#4338=CARTESIAN_POINT('',(-97.0970858309479,110.01929893342,44.82075));
#4339=CARTESIAN_POINT('Origin',(-95.0263358309479,110.01929893342,44.64155));
#4340=CARTESIAN_POINT('Origin',(-95.0263358309479,110.01929893342,41.));
#4341=CARTESIAN_POINT('',(-96.9178858309479,110.01929893342,41.));
#4342=CARTESIAN_POINT('Origin',(96.,130.,30.));
#4343=CARTESIAN_POINT('',(100.,117.1,30.));
#4344=CARTESIAN_POINT('Origin',(100.,130.,30.));
#4345=CARTESIAN_POINT('',(92.,117.1,30.));
#4346=CARTESIAN_POINT('',(96.,117.1,30.));
#4347=CARTESIAN_POINT('Origin',(92.,130.,30.));
#4348=CARTESIAN_POINT('Origin',(92.,130.,30.));
#4349=CARTESIAN_POINT('',(92.,125.999999940395,30.));
#4350=CARTESIAN_POINT('Origin',(92.,130.,30.));
#4351=CARTESIAN_POINT('Origin',(-96.,130.,30.));
#4352=CARTESIAN_POINT('',(-100.,142.9,30.));
#4353=CARTESIAN_POINT('Origin',(-100.,130.,30.));
#4354=CARTESIAN_POINT('',(-92.,142.9,30.));
#4355=CARTESIAN_POINT('',(-96.,142.9,30.));
#4356=CARTESIAN_POINT('Origin',(-92.,130.,30.));
#4357=CARTESIAN_POINT('Origin',(-92.,130.,30.));
#4358=CARTESIAN_POINT('',(-92.,125.999999940395,30.));
#4359=CARTESIAN_POINT('Origin',(-92.,130.,30.));
#4360=CARTESIAN_POINT('Origin',(127.,130.,30.));
#4361=CARTESIAN_POINT('',(-74.,125.999999940395,30.));
#4362=CARTESIAN_POINT('Origin',(-74.,130.,30.));
#4363=CARTESIAN_POINT('',(127.,125.999999940395,30.));
#4364=CARTESIAN_POINT('Origin',(127.,130.,30.));
#4365=CARTESIAN_POINT('',(74.0000011026859,125.999999940395,30.));
#4366=CARTESIAN_POINT('',(127.,125.999999940395,30.));
#4367=CARTESIAN_POINT('Origin',(74.0000011026859,130.,30.));
#4368=CARTESIAN_POINT('Origin',(-100.,95.,4.));
#4369=CARTESIAN_POINT('',(-100.,95.,41.));
#4370=CARTESIAN_POINT('',(-130.,95.,41.));
#4371=CARTESIAN_POINT('',(-50.,95.,41.));
#4372=CARTESIAN_POINT('',(-130.,95.,45.));
#4373=CARTESIAN_POINT('',(-130.,95.,4.));
#4374=CARTESIAN_POINT('',(-100.,95.,45.));
#4375=CARTESIAN_POINT('',(-130.,95.,45.));
#4376=CARTESIAN_POINT('',(-100.,95.,2.));
#4377=CARTESIAN_POINT('Origin',(0.,55.,41.));
#4378=CARTESIAN_POINT('',(-130.,75.,41.));
#4379=CARTESIAN_POINT('',(-120.,75.,41.));
#4380=CARTESIAN_POINT('',(-65.,75.,41.));
#4381=CARTESIAN_POINT('Origin',(-130.,85.,41.));
#4382=CARTESIAN_POINT('',(-100.,15.,41.));
#4383=CARTESIAN_POINT('',(-100.,107.5,41.));
#4384=CARTESIAN_POINT('',(-130.,15.,41.));
#4385=CARTESIAN_POINT('',(-65.,15.,41.));
#4386=CARTESIAN_POINT('',(-130.,35.,41.));
#4387=CARTESIAN_POINT('Origin',(-130.,25.,41.));
#4388=CARTESIAN_POINT('',(-120.,35.,41.));
#4389=CARTESIAN_POINT('',(-60.,34.9999999999999,41.));
#4390=CARTESIAN_POINT('',(-120.,67.5,41.));
#4391=CARTESIAN_POINT('',(-133.999998122454,25.,41.));
#4392=CARTESIAN_POINT('Origin',(-130.,25.,41.));
#4393=CARTESIAN_POINT('',(-133.999998122454,85.,41.));
#4394=CARTESIAN_POINT('Origin',(-130.,85.,41.));
#4395=CARTESIAN_POINT('Origin',(0.,55.,45.));
#4396=CARTESIAN_POINT('',(-130.,75.,45.));
#4397=CARTESIAN_POINT('Origin',(-130.,85.,45.));
#4398=CARTESIAN_POINT('',(-120.,75.,45.));
#4399=CARTESIAN_POINT('',(-120.,75.,45.));
#4400=CARTESIAN_POINT('',(-120.,35.,45.));
#4401=CARTESIAN_POINT('',(-120.,30.,45.));
#4402=CARTESIAN_POINT('',(-130.,35.,45.));
#4403=CARTESIAN_POINT('',(-130.,35.,45.));
#4404=CARTESIAN_POINT('',(-130.,15.,45.));
#4405=CARTESIAN_POINT('Origin',(-130.,25.,45.));
#4406=CARTESIAN_POINT('',(-100.,15.,45.));
#4407=CARTESIAN_POINT('',(-100.,15.,45.));
#4408=CARTESIAN_POINT('',(-100.,-50.,45.));
#4409=CARTESIAN_POINT('',(-100.,160.,45.));
#4410=CARTESIAN_POINT('',(100.,-50.,45.));
#4411=CARTESIAN_POINT('',(-100.,-50.,45.));
#4412=CARTESIAN_POINT('',(100.,15.,45.));
#4413=CARTESIAN_POINT('',(100.,-50.,45.));
#4414=CARTESIAN_POINT('',(130.,15.,45.));
#4415=CARTESIAN_POINT('',(130.,15.,45.));
#4416=CARTESIAN_POINT('',(130.,35.,45.));
#4417=CARTESIAN_POINT('Origin',(130.,25.,45.));
#4418=CARTESIAN_POINT('',(120.,35.,45.));
#4419=CARTESIAN_POINT('',(120.,35.,45.));
#4420=CARTESIAN_POINT('',(120.000000000002,75.,45.));
#4421=CARTESIAN_POINT('',(120.,80.,45.));
#4422=CARTESIAN_POINT('',(129.999931369991,75.0000000000104,45.));
#4423=CARTESIAN_POINT('',(129.999931369991,75.0000000000104,45.));
#4424=CARTESIAN_POINT('',(129.99993136986,95.0000000000942,45.));
#4425=CARTESIAN_POINT('Origin',(129.999931369991,85.0000000000304,45.));
#4426=CARTESIAN_POINT('',(100.000000000002,95.,45.));
#4427=CARTESIAN_POINT('',(100.000000000002,95.,45.));
#4428=CARTESIAN_POINT('',(100.,160.,45.));
#4429=CARTESIAN_POINT('',(100.,-50.,45.));
#4430=CARTESIAN_POINT('',(74.0000011026859,160.,45.));
#4431=CARTESIAN_POINT('',(100.,160.,45.));
#4432=CARTESIAN_POINT('',(74.0000011026859,115.,45.));
#4433=CARTESIAN_POINT('',(74.0000011026859,160.,45.));
#4434=CARTESIAN_POINT('',(-74.,115.,45.));
#4435=CARTESIAN_POINT('',(-74.,115.,45.));
#4436=CARTESIAN_POINT('',(-74.,160.,45.));
#4437=CARTESIAN_POINT('',(-74.,160.,45.));
#4438=CARTESIAN_POINT('',(-100.,160.,45.));
#4439=CARTESIAN_POINT('',(-100.,160.,45.));
#4440=CARTESIAN_POINT('',(-100.,160.,45.));
#4441=CARTESIAN_POINT('',(-83.0000011026859,-45.,45.));
#4442=CARTESIAN_POINT('',(-83.0000011026859,109.000001475215,45.));
#4443=CARTESIAN_POINT('',(-83.0000011026859,109.000001475215,45.));
#4444=CARTESIAN_POINT('',(83.0000011026859,109.000001475215,45.));
#4445=CARTESIAN_POINT('',(-83.0000011026859,109.000001475215,45.));
#4446=CARTESIAN_POINT('',(83.0000011026859,-45.,45.));
#4447=CARTESIAN_POINT('',(83.0000011026859,109.000001475215,45.));
#4448=CARTESIAN_POINT('',(83.0000011026859,-45.,45.));
#4449=CARTESIAN_POINT('',(-133.999998122454,25.,45.));
#4450=CARTESIAN_POINT('Origin',(-130.,25.,45.));
#4451=CARTESIAN_POINT('',(125.999931369989,85.0000000000304,45.));
#4452=CARTESIAN_POINT('Origin',(129.999931369989,85.0000000000304,45.));
#4453=CARTESIAN_POINT('',(125.999997928739,25.,45.));
#4454=CARTESIAN_POINT('Origin',(130.,25.,45.));
#4455=CARTESIAN_POINT('',(-133.999998122454,85.,45.));
#4456=CARTESIAN_POINT('Origin',(-130.,85.,45.));
#4457=CARTESIAN_POINT('Origin',(-83.0000011026859,-45.,0.));
#4458=CARTESIAN_POINT('',(-83.0000011026859,109.000001475215,4.));
#4459=CARTESIAN_POINT('',(-83.0000011026859,-45.,4.));
#4460=CARTESIAN_POINT('',(-83.0000011026859,5.,4.));
#4461=CARTESIAN_POINT('',(-83.0000011026859,109.000001475215,0.));
#4462=CARTESIAN_POINT('',(-83.0000011026859,-45.,0.));
#4463=CARTESIAN_POINT('',(-83.0000011026859,-28.7645273841045,30.0544281968482));
#4464=CARTESIAN_POINT('Origin',(-83.0000011026859,-20.2645273841045,30.0544281968482));
#4465=CARTESIAN_POINT('Origin',(0.,55.,0.));
#4466=CARTESIAN_POINT('',(-100.,-50.,0.));
#4467=CARTESIAN_POINT('',(-100.,160.,0.));
#4468=CARTESIAN_POINT('',(-100.,100.,0.));
#4469=CARTESIAN_POINT('',(-70.,160.,0.));
#4470=CARTESIAN_POINT('',(-100.,160.,0.));
#4471=CARTESIAN_POINT('',(-70.,120.,0.));
#4472=CARTESIAN_POINT('',(-70.,160.,0.));
#4473=CARTESIAN_POINT('',(70.,120.,0.));
#4474=CARTESIAN_POINT('',(-70.,120.,0.));
#4475=CARTESIAN_POINT('',(70.,160.,0.));
#4476=CARTESIAN_POINT('',(70.,120.,0.));
#4477=CARTESIAN_POINT('',(100.,160.,0.));
#4478=CARTESIAN_POINT('',(70.,160.,0.));
#4479=CARTESIAN_POINT('',(100.,-50.,0.));
#4480=CARTESIAN_POINT('',(100.,100.,0.));
#4481=CARTESIAN_POINT('',(100.,-50.,0.));
#4482=CARTESIAN_POINT('Origin',(129.99993136986,95.0000000000471,4.));
#4483=CARTESIAN_POINT('',(129.99993136986,95.0000000000942,41.));
#4484=CARTESIAN_POINT('',(129.99993136986,95.0000000000942,4.));
#4485=CARTESIAN_POINT('',(100.000000000002,95.,41.));
#4486=CARTESIAN_POINT('',(64.9999656848956,94.999999999945,41.));
#4487=CARTESIAN_POINT('',(100.000000000002,95.,2.));
#4488=CARTESIAN_POINT('Origin',(0.,55.,41.));
#4489=CARTESIAN_POINT('',(100.,15.,41.));
#4490=CARTESIAN_POINT('',(130.,15.,41.));
#4491=CARTESIAN_POINT('',(50.,15.,41.));
#4492=CARTESIAN_POINT('',(100.,77.5,41.));
#4493=CARTESIAN_POINT('',(129.999931369991,75.0000000000104,41.));
#4494=CARTESIAN_POINT('Origin',(129.999931369991,85.0000000000304,41.));
#4495=CARTESIAN_POINT('',(120.000000000002,75.,41.));
#4496=CARTESIAN_POINT('',(59.9999999999887,74.9999999999376,41.));
#4497=CARTESIAN_POINT('',(120.,35.,41.));
#4498=CARTESIAN_POINT('',(120.,42.5,41.));
#4499=CARTESIAN_POINT('',(130.,35.,41.));
#4500=CARTESIAN_POINT('',(65.,35.,41.));
#4501=CARTESIAN_POINT('Origin',(130.,25.,41.));
#4502=CARTESIAN_POINT('',(125.999997928739,25.,41.));
#4503=CARTESIAN_POINT('Origin',(130.,25.,41.));
#4504=CARTESIAN_POINT('',(125.999931369989,85.0000000000304,41.));
#4505=CARTESIAN_POINT('Origin',(129.999931369989,85.0000000000304,41.));
#4506=CARTESIAN_POINT('Origin',(83.0000011026859,109.000001475215,0.));
#4507=CARTESIAN_POINT('',(83.0000011026859,-45.,4.));
#4508=CARTESIAN_POINT('',(83.0000011026859,109.000001475215,4.));
#4509=CARTESIAN_POINT('',(83.0000011026859,82.0000007376075,4.));
#4510=CARTESIAN_POINT('',(83.0000011026859,-45.,0.));
#4511=CARTESIAN_POINT('',(83.0000011026859,109.000001475215,0.));
#4512=CARTESIAN_POINT('',(83.0000011026859,-28.7645273841045,30.0544281968482));
#4513=CARTESIAN_POINT('Origin',(83.0000011026859,-20.2645273841045,30.0544281968482));
#4514=CARTESIAN_POINT('Origin',(-120.,35.,4.));
#4515=CARTESIAN_POINT('',(-130.,35.,4.));
#4516=CARTESIAN_POINT('',(-120.,35.,4.));
#4517=CARTESIAN_POINT('Origin',(-130.,25.,4.));
#4518=CARTESIAN_POINT('',(-130.,15.,4.));
#4519=CARTESIAN_POINT('Origin',(-130.,15.,4.));
#4520=CARTESIAN_POINT('',(-100.,15.,2.));
#4521=CARTESIAN_POINT('Origin',(-130.,25.,4.));
#4522=CARTESIAN_POINT('',(-133.999998122454,25.,4.));
#4523=CARTESIAN_POINT('Origin',(-130.,85.,4.));
#4524=CARTESIAN_POINT('',(-133.999998122454,85.,4.));
#4525=CARTESIAN_POINT('Origin',(-120.,80.,4.));
#4526=CARTESIAN_POINT('',(-120.,75.,4.));
#4527=CARTESIAN_POINT('Origin',(-130.,75.,4.));
#4528=CARTESIAN_POINT('',(-130.,75.,4.));
#4529=CARTESIAN_POINT('Origin',(-130.,85.,4.));
#4530=CARTESIAN_POINT('Origin',(120.000000000002,75.,4.));
#4531=CARTESIAN_POINT('',(129.999931369991,75.0000000000104,4.));
#4532=CARTESIAN_POINT('',(120.000000000002,75.,4.));
#4533=CARTESIAN_POINT('Origin',(129.999931369991,85.0000000000304,4.));
#4534=CARTESIAN_POINT('Origin',(130.,25.,4.));
#4535=CARTESIAN_POINT('',(125.999997928739,25.,4.));
#4536=CARTESIAN_POINT('Origin',(129.999931369989,85.0000000000304,4.));
#4537=CARTESIAN_POINT('',(125.999931369989,85.0000000000304,4.));
#4538=CARTESIAN_POINT('Origin',(120.,30.,4.));
#4539=CARTESIAN_POINT('',(120.,35.,4.));
#4540=CARTESIAN_POINT('Origin',(130.,35.,4.));
#4541=CARTESIAN_POINT('',(130.,35.,4.));
#4542=CARTESIAN_POINT('Origin',(130.,25.,4.));
#4543=CARTESIAN_POINT('',(130.,15.,4.));
#4544=CARTESIAN_POINT('Origin',(100.,15.,4.));
#4545=CARTESIAN_POINT('',(100.,15.,2.));
#4546=CARTESIAN_POINT('Origin',(0.,-20.2645273841045,30.0544281968482));
#4547=CARTESIAN_POINT('',(-100.,-28.7645273841045,30.0544281968482));
#4548=CARTESIAN_POINT('',(0.,-28.7645273841045,30.0544281968482));
#4549=CARTESIAN_POINT('Origin',(-100.,-20.2645273841045,30.0544281968482));
#4550=CARTESIAN_POINT('Origin',(0.,-20.2645273841045,30.0544281968482));
#4551=CARTESIAN_POINT('',(100.,-28.7645273841045,30.0544281968482));
#4552=CARTESIAN_POINT('Origin',(100.,-20.2645273841045,30.0544281968482));
#4553=CARTESIAN_POINT('',(0.,-28.7645273841045,30.0544281968482));
#4554=CARTESIAN_POINT('Origin',(83.0000011026859,-45.,0.));
#4555=CARTESIAN_POINT('',(41.500000551343,-45.,4.));
#4556=CARTESIAN_POINT('Origin',(74.0000011026859,160.,0.));
#4557=CARTESIAN_POINT('',(74.000001102686,115.,4.));
#4558=CARTESIAN_POINT('',(74.0000011026859,160.,4.));
#4559=CARTESIAN_POINT('',(74.000001102686,107.5,4.));
#4560=CARTESIAN_POINT('',(74.000001102686,115.,0.));
#4561=CARTESIAN_POINT('',(74.0000011026859,160.,0.));
#4562=CARTESIAN_POINT('Origin',(74.000001102686,115.,0.));
#4563=CARTESIAN_POINT('',(-74.,115.,4.));
#4564=CARTESIAN_POINT('',(37.000000551343,115.,4.));
#4565=CARTESIAN_POINT('',(-74.,115.,0.));
#4566=CARTESIAN_POINT('Origin',(-74.,115.,0.));
#4567=CARTESIAN_POINT('',(-74.,160.,4.));
#4568=CARTESIAN_POINT('',(-74.,85.,4.));
#4569=CARTESIAN_POINT('',(-74.,160.,0.));
#4570=CARTESIAN_POINT('Origin',(-83.0000011026859,109.000001475215,0.));
#4571=CARTESIAN_POINT('',(-41.500000551343,109.000001475215,4.));
#4572=CARTESIAN_POINT('Origin',(100.,160.,0.));
#4573=CARTESIAN_POINT('',(70.,160.,4.));
#4574=CARTESIAN_POINT('',(70.,160.,0.));
#4575=CARTESIAN_POINT('',(70.,160.,4.));
#4576=CARTESIAN_POINT('',(100.,160.,0.));
#4577=CARTESIAN_POINT('Origin',(0.,55.,4.));
#4578=CARTESIAN_POINT('Origin',(-100.,160.,0.));
#4579=CARTESIAN_POINT('',(-100.,160.,0.));
#4580=CARTESIAN_POINT('',(-100.,-50.,0.));
#4581=CARTESIAN_POINT('Origin',(-70.,160.,0.));
#4582=CARTESIAN_POINT('',(-70.,160.,4.));
#4583=CARTESIAN_POINT('',(-100.,160.,4.));
#4584=CARTESIAN_POINT('',(-70.,160.,0.));
#4585=CARTESIAN_POINT('Origin',(-70.,120.,0.));
#4586=CARTESIAN_POINT('',(-70.,120.,4.));
#4587=CARTESIAN_POINT('',(-70.,160.,4.));
#4588=CARTESIAN_POINT('',(-70.,120.,0.));
#4589=CARTESIAN_POINT('Origin',(70.,120.,0.));
#4590=CARTESIAN_POINT('',(70.,120.,4.));
#4591=CARTESIAN_POINT('',(-70.,120.,4.));
#4592=CARTESIAN_POINT('',(70.,120.,0.));
#4593=CARTESIAN_POINT('Origin',(70.,160.,0.));
#4594=CARTESIAN_POINT('',(70.,120.,4.));
#4595=CARTESIAN_POINT('Origin',(100.,100.,0.));
#4596=CARTESIAN_POINT('',(100.,-50.,0.));
#4597=CARTESIAN_POINT('Origin',(-100.,-50.,0.));
#4598=CARTESIAN_POINT('Origin',(0.,55.,4.));
#4599=CARTESIAN_POINT('',(0.,0.,0.));
#4600=CARTESIAN_POINT('',(0.,0.,0.));
#4601=CARTESIAN_POINT('Origin',(-95.0000014156103,-45.0000006705523,45.));
#4602=CARTESIAN_POINT('',(-92.7500014156103,-45.0000006705523,45.));
#4603=CARTESIAN_POINT('Origin',(-95.0000014156103,-45.0000006705523,45.));
#4604=CARTESIAN_POINT('',(-92.7500014156103,-45.0000006705523,47.));
#4605=CARTESIAN_POINT('',(-92.7500014156103,-45.0000006705523,45.));
#4606=CARTESIAN_POINT('Origin',(-95.0000014156103,-45.0000006705523,47.));
#4607=CARTESIAN_POINT('Origin',(-95.0000014156103,110.000001639128,45.));
#4608=CARTESIAN_POINT('',(-92.7500014156103,110.000001639128,45.));
#4609=CARTESIAN_POINT('Origin',(-95.0000014156103,110.000001639128,45.));
#4610=CARTESIAN_POINT('',(-92.7500014156103,110.000001639128,47.));
#4611=CARTESIAN_POINT('',(-92.7500014156103,110.000001639128,45.));
#4612=CARTESIAN_POINT('Origin',(-95.0000014156103,110.000001639128,47.));
#4613=CARTESIAN_POINT('Origin',(95.0000014156103,-45.0000006705523,45.));
#4614=CARTESIAN_POINT('',(97.2500014156103,-45.0000006705523,45.));
#4615=CARTESIAN_POINT('Origin',(95.0000014156103,-45.0000006705523,45.));
#4616=CARTESIAN_POINT('',(97.2500014156103,-45.0000006705523,47.));
#4617=CARTESIAN_POINT('',(97.2500014156103,-45.0000006705523,45.));
#4618=CARTESIAN_POINT('Origin',(95.0000014156103,-45.0000006705523,47.));
#4619=CARTESIAN_POINT('Origin',(95.0000014156103,110.000001639128,45.));
#4620=CARTESIAN_POINT('',(97.2500014156103,110.000001639128,45.));
#4621=CARTESIAN_POINT('Origin',(95.0000014156103,110.000001639128,45.));
#4622=CARTESIAN_POINT('',(97.2500014156103,110.000001639128,47.));
#4623=CARTESIAN_POINT('',(97.2500014156103,110.000001639128,45.));
#4624=CARTESIAN_POINT('Origin',(95.0000014156103,110.000001639128,47.));
#4625=CARTESIAN_POINT('Origin',(-100.000001490116,114.000001698732,45.));
#4626=CARTESIAN_POINT('',(-100.000001490116,-50.,45.));
#4627=CARTESIAN_POINT('',(-100.000001490116,114.000001698732,45.));
#4628=CARTESIAN_POINT('',(-100.000001490116,-50.,45.));
#4629=CARTESIAN_POINT('',(-100.000001490116,-50.,47.));
#4630=CARTESIAN_POINT('',(-100.000001490116,-50.,45.));
#4631=CARTESIAN_POINT('',(-100.000001490116,114.000001698732,47.));
#4632=CARTESIAN_POINT('',(-100.000001490116,-50.,47.));
#4633=CARTESIAN_POINT('',(-100.000001490116,114.000001698732,45.));
#4634=CARTESIAN_POINT('Origin',(100.,114.000001698732,45.));
#4635=CARTESIAN_POINT('',(100.,114.000001698732,45.));
#4636=CARTESIAN_POINT('',(-100.000001490116,114.000001698732,45.));
#4637=CARTESIAN_POINT('',(100.,114.000001698732,47.));
#4638=CARTESIAN_POINT('',(-100.000001490116,114.000001698732,47.));
#4639=CARTESIAN_POINT('',(100.,114.000001698732,45.));
#4640=CARTESIAN_POINT('Origin',(100.,-50.,45.));
#4641=CARTESIAN_POINT('',(100.,-50.,45.));
#4642=CARTESIAN_POINT('',(100.,114.000001698732,45.));
#4643=CARTESIAN_POINT('',(100.,-50.,47.));
#4644=CARTESIAN_POINT('',(100.,114.000001698732,47.));
#4645=CARTESIAN_POINT('',(100.,-50.,45.));
#4646=CARTESIAN_POINT('Origin',(-100.000001490116,-50.,45.));
#4647=CARTESIAN_POINT('',(100.,-50.,45.));
#4648=CARTESIAN_POINT('',(100.,-50.,47.));
#4649=CARTESIAN_POINT('Origin',(-7.45058059692383E-7,32.0000008493662,47.));
#4650=CARTESIAN_POINT('Origin',(-7.45058059692383E-7,32.0000008493662,45.));
#4651=CARTESIAN_POINT('',(0.,0.,0.));
#4652=CARTESIAN_POINT('',(0.,0.,0.));
#4653=CARTESIAN_POINT('',(0.,0.,0.));
#4654=CARTESIAN_POINT('',(0.,0.,0.));
#4655=CARTESIAN_POINT('Origin',(8.49798831492665,61.6925633298322,55.));
#4656=CARTESIAN_POINT('',(129.999941922402,68.8496810141985,55.));
#4657=CARTESIAN_POINT('',(129.999989491847,41.1245240090965,55.));
#4658=CARTESIAN_POINT('',(129.999941922402,68.8496810141985,55.));
#4659=CARTESIAN_POINT('',(127.14686949748,35.0000000000001,55.));
#4660=CARTESIAN_POINT('Origin',(121.999989491858,41.1245102830946,55.));
#4661=CARTESIAN_POINT('',(130.,35.0000000000001,55.));
#4662=CARTESIAN_POINT('',(130.,35.0000000000001,55.));
#4663=CARTESIAN_POINT('',(130.,15.,55.));
#4664=CARTESIAN_POINT('Origin',(130.,25.,55.));
#4665=CARTESIAN_POINT('',(135.04587617256,-49.8655115128692,55.));
#4666=CARTESIAN_POINT('',(130.,15.,55.));
#4667=CARTESIAN_POINT('',(127.297491820019,-72.5803203371868,55.));
#4668=CARTESIAN_POINT('',(127.297491820019,-72.5803203371868,55.));
#4669=CARTESIAN_POINT('',(134.368559631884,-79.6513881490522,55.));
#4670=CARTESIAN_POINT('',(134.368559631884,-79.6513881490521,55.));
#4671=CARTESIAN_POINT('',(154.067044441719,-59.9529033392165,55.));
#4672=CARTESIAN_POINT('',(154.067044441719,-59.9529033392165,55.));
#4673=CARTESIAN_POINT('',(156.995976629853,-52.8818355273512,55.));
#4674=CARTESIAN_POINT('Origin',(146.995976629853,-52.8818355273512,55.));
#4675=CARTESIAN_POINT('',(156.995976629853,176.266962187017,55.));
#4676=CARTESIAN_POINT('',(156.995976629853,176.266962187017,55.));
#4677=CARTESIAN_POINT('',(154.067044441719,183.338029998882,55.));
#4678=CARTESIAN_POINT('Origin',(146.995976629854,176.266962187017,55.));
#4679=CARTESIAN_POINT('',(134.368559631883,203.036514808717,55.));
#4680=CARTESIAN_POINT('',(134.368559631883,203.036514808717,55.));
#4681=CARTESIAN_POINT('',(120.226424008153,188.894379184985,55.));
#4682=CARTESIAN_POINT('',(120.226424008153,188.894379184985,55.));
#4683=CARTESIAN_POINT('',(131.238617316973,177.882185876166,55.));
#4684=CARTESIAN_POINT('',(131.238617316973,177.882185876166,55.));
#4685=CARTESIAN_POINT('',(140.025413881377,156.66898244057,55.));
#4686=CARTESIAN_POINT('Origin',(110.025413881378,156.668982440569,55.));
#4687=CARTESIAN_POINT('',(140.025413881378,109.095389311762,55.));
#4688=CARTESIAN_POINT('',(140.025413881378,109.095389311762,55.));
#4689=CARTESIAN_POINT('',(134.895111731492,94.9999999999743,55.));
#4690=CARTESIAN_POINT('',(134.895111731492,94.9999999999743,55.));
#4691=CARTESIAN_POINT('',(129.947693384198,95.0000000000503,55.));
#4692=CARTESIAN_POINT('',(129.947693384198,94.9999999999921,55.));
#4693=CARTESIAN_POINT('',(125.532275905413,76.0275929378916,55.));
#4694=CARTESIAN_POINT('Origin',(129.947693384162,84.9999999999921,55.));
#4695=CARTESIAN_POINT('Origin',(121.999941922414,68.8496672881967,55.));
#4696=CARTESIAN_POINT('',(133.947693384162,85.0000000000103,55.));
#4697=CARTESIAN_POINT('Origin',(129.947693384162,85.0000000000103,55.));
#4698=CARTESIAN_POINT('Origin',(129.947693384162,85.0000000000103,54.));
#4699=CARTESIAN_POINT('',(133.947693384162,85.0000000000103,45.));
#4700=CARTESIAN_POINT('',(133.947693384162,85.0000000000103,54.));
#4701=CARTESIAN_POINT('Origin',(129.947693384162,85.0000000000103,45.));
#4702=CARTESIAN_POINT('Origin',(121.999941922414,68.8496672881967,45.));
#4703=CARTESIAN_POINT('',(129.999941922402,68.8496810141985,45.));
#4704=CARTESIAN_POINT('',(125.532275905413,76.0275929378916,45.));
#4705=CARTESIAN_POINT('Origin',(121.999941922414,68.8496672881967,45.));
#4706=CARTESIAN_POINT('',(129.999941922402,68.8496810141985,45.));
#4707=CARTESIAN_POINT('',(125.532275905413,76.0275929378916,45.));
#4708=CARTESIAN_POINT('Origin',(129.947693384162,84.9999999999921,45.));
#4709=CARTESIAN_POINT('',(129.947693384198,95.0000000000503,45.));
#4710=CARTESIAN_POINT('Origin',(129.947693384162,84.9999999999921,45.));
#4711=CARTESIAN_POINT('',(129.947693384198,95.0000000000503,45.));
#4712=CARTESIAN_POINT('Origin',(134.895111731492,94.9999999999743,45.));
#4713=CARTESIAN_POINT('',(134.895111731492,94.9999999999743,45.));
#4714=CARTESIAN_POINT('',(129.947693384198,94.9999999999921,45.));
#4715=CARTESIAN_POINT('',(134.895111731492,94.9999999999743,45.));
#4716=CARTESIAN_POINT('Origin',(140.025413881378,109.095389311762,45.));
#4717=CARTESIAN_POINT('',(140.025413881378,109.095389311762,45.));
#4718=CARTESIAN_POINT('',(134.895111731492,94.9999999999743,45.));
#4719=CARTESIAN_POINT('',(140.025413881378,109.095389311762,45.));
#4720=CARTESIAN_POINT('Origin',(140.025413881377,156.66898244057,45.));
#4721=CARTESIAN_POINT('',(140.025413881377,156.66898244057,45.));
#4722=CARTESIAN_POINT('',(140.025413881378,109.095389311762,45.));
#4723=CARTESIAN_POINT('',(140.025413881377,156.66898244057,45.));
#4724=CARTESIAN_POINT('Origin',(110.025413881378,156.668982440569,45.));
#4725=CARTESIAN_POINT('',(131.238617316973,177.882185876166,45.));
#4726=CARTESIAN_POINT('Origin',(110.025413881378,156.668982440569,45.));
#4727=CARTESIAN_POINT('',(131.238617316973,177.882185876166,45.));
#4728=CARTESIAN_POINT('Origin',(120.226424008153,188.894379184985,45.));
#4729=CARTESIAN_POINT('',(120.226424008153,188.894379184985,45.));
#4730=CARTESIAN_POINT('',(131.238617316973,177.882185876166,45.));
#4731=CARTESIAN_POINT('',(120.226424008153,188.894379184985,45.));
#4732=CARTESIAN_POINT('Origin',(134.368559631883,203.036514808717,45.));
#4733=CARTESIAN_POINT('',(134.368559631883,203.036514808717,45.));
#4734=CARTESIAN_POINT('',(120.226424008153,188.894379184985,45.));
#4735=CARTESIAN_POINT('',(134.368559631883,203.036514808717,45.));
#4736=CARTESIAN_POINT('Origin',(154.067044441719,183.338029998882,45.));
#4737=CARTESIAN_POINT('',(154.067044441719,183.338029998882,45.));
#4738=CARTESIAN_POINT('',(134.368559631883,203.036514808717,45.));
#4739=CARTESIAN_POINT('',(154.067044441719,183.338029998882,45.));
#4740=CARTESIAN_POINT('Origin',(146.995976629854,176.266962187017,45.));
#4741=CARTESIAN_POINT('',(156.995976629853,176.266962187017,45.));
#4742=CARTESIAN_POINT('Origin',(146.995976629854,176.266962187017,45.));
#4743=CARTESIAN_POINT('',(156.995976629853,176.266962187017,45.));
#4744=CARTESIAN_POINT('Origin',(156.995976629853,-52.8818355273512,45.));
#4745=CARTESIAN_POINT('',(156.995976629853,-52.8818355273512,45.));
#4746=CARTESIAN_POINT('',(156.995976629853,176.266962187017,45.));
#4747=CARTESIAN_POINT('',(156.995976629853,-52.8818355273512,45.));
#4748=CARTESIAN_POINT('Origin',(146.995976629853,-52.8818355273512,45.));
#4749=CARTESIAN_POINT('',(154.067044441719,-59.9529033392165,45.));
#4750=CARTESIAN_POINT('Origin',(146.995976629853,-52.8818355273512,45.));
#4751=CARTESIAN_POINT('',(154.067044441719,-59.9529033392165,45.));
#4752=CARTESIAN_POINT('Origin',(134.368559631884,-79.6513881490521,45.));
#4753=CARTESIAN_POINT('',(134.368559631884,-79.6513881490521,45.));
#4754=CARTESIAN_POINT('',(154.067044441719,-59.9529033392165,45.));
#4755=CARTESIAN_POINT('',(134.368559631884,-79.6513881490521,45.));
#4756=CARTESIAN_POINT('Origin',(127.297491820019,-72.5803203371868,45.));
#4757=CARTESIAN_POINT('',(127.297491820019,-72.5803203371868,45.));
#4758=CARTESIAN_POINT('',(134.368559631884,-79.6513881490521,45.));
#4759=CARTESIAN_POINT('',(127.297491820019,-72.5803203371868,45.));
#4760=CARTESIAN_POINT('Origin',(135.04587617256,-49.8655115128692,45.));
#4761=CARTESIAN_POINT('',(135.04587617256,-49.8655115128692,45.));
#4762=CARTESIAN_POINT('',(127.297491820019,-72.5803203371868,45.));
#4763=CARTESIAN_POINT('',(135.04587617256,-49.8655115128692,45.));
#4764=CARTESIAN_POINT('Origin',(130.,15.,45.));
#4765=CARTESIAN_POINT('',(130.,15.,45.));
#4766=CARTESIAN_POINT('',(130.,15.,45.));
#4767=CARTESIAN_POINT('',(130.,15.,45.));
#4768=CARTESIAN_POINT('Origin',(130.,25.,45.));
#4769=CARTESIAN_POINT('',(130.,35.0000000000001,45.));
#4770=CARTESIAN_POINT('Origin',(130.,25.,45.));
#4771=CARTESIAN_POINT('',(130.,35.0000000000001,45.));
#4772=CARTESIAN_POINT('Origin',(127.14686949748,35.0000000000001,45.));
#4773=CARTESIAN_POINT('',(127.14686949748,35.0000000000001,45.));
#4774=CARTESIAN_POINT('',(130.,35.0000000000001,45.));
#4775=CARTESIAN_POINT('',(127.14686949748,35.0000000000001,45.));
#4776=CARTESIAN_POINT('Origin',(121.999989491858,41.1245102830946,45.));
#4777=CARTESIAN_POINT('',(129.999989491847,41.1245240090965,45.));
#4778=CARTESIAN_POINT('Origin',(121.999989491858,41.1245102830946,45.));
#4779=CARTESIAN_POINT('',(129.999989491847,41.1245240090965,45.));
#4780=CARTESIAN_POINT('Origin',(129.999941922402,68.8496810141985,45.));
#4781=CARTESIAN_POINT('',(129.999941922402,68.8496810141985,45.));
#4782=CARTESIAN_POINT('Origin',(8.49798831492665,61.6925633298322,45.));
#4783=CARTESIAN_POINT('',(0.,0.,0.));
#4784=CARTESIAN_POINT('Origin',(69.0000011026859,140.000002086163,15.0000002235174));
#4785=CARTESIAN_POINT('',(74.0000011026859,142.000002086163,15.0000002235174));
#4786=CARTESIAN_POINT('Origin',(74.0000011026859,140.000002086163,15.0000002235174));
#4787=CARTESIAN_POINT('',(69.0000011026859,142.000002086163,15.0000002235174));
#4788=CARTESIAN_POINT('',(69.0000011026859,142.000002086163,15.0000002235174));
#4789=CARTESIAN_POINT('Origin',(69.0000011026859,140.000002086163,15.0000002235174));
#4790=CARTESIAN_POINT('Origin',(69.0000011026859,155.00000230968,15.0000002235174));
#4791=CARTESIAN_POINT('',(74.0000011026859,157.00000230968,15.0000002235174));
#4792=CARTESIAN_POINT('Origin',(74.0000011026859,155.00000230968,15.0000002235174));
#4793=CARTESIAN_POINT('',(69.0000011026859,157.00000230968,15.0000002235174));
#4794=CARTESIAN_POINT('',(69.0000011026859,157.00000230968,15.0000002235174));
#4795=CARTESIAN_POINT('Origin',(69.0000011026859,155.00000230968,15.0000002235174));
#4796=CARTESIAN_POINT('Origin',(69.0000011026859,122.400001862645,30.0000004470348));
#4797=CARTESIAN_POINT('',(74.0000011026859,124.400001862645,30.0000004470348));
#4798=CARTESIAN_POINT('Origin',(74.0000011026859,122.400001862645,30.0000004470348));
#4799=CARTESIAN_POINT('',(69.0000011026859,124.400001862645,30.0000004470348));
#4800=CARTESIAN_POINT('',(69.0000011026859,124.400001862645,30.0000004470348));
#4801=CARTESIAN_POINT('Origin',(69.0000011026859,122.400001862645,30.0000004470348));
#4802=CARTESIAN_POINT('Origin',(69.0000011026859,155.00000230968,25.000000372529));
#4803=CARTESIAN_POINT('',(74.0000011026859,157.00000230968,25.000000372529));
#4804=CARTESIAN_POINT('Origin',(74.0000011026859,155.00000230968,25.000000372529));
#4805=CARTESIAN_POINT('',(69.0000011026859,157.00000230968,25.000000372529));
#4806=CARTESIAN_POINT('',(69.0000011026859,157.00000230968,25.000000372529));
#4807=CARTESIAN_POINT('Origin',(69.0000011026859,155.00000230968,25.000000372529));
#4808=CARTESIAN_POINT('Origin',(69.0000011026859,115.000001713634,25.000000372529));
#4809=CARTESIAN_POINT('',(74.0000011026859,115.,23.0000003725298));
#4810=CARTESIAN_POINT('',(69.0000011026859,115.,23.0000003725298));
#4811=CARTESIAN_POINT('',(69.0000011026859,115.,23.0000003725298));
#4812=CARTESIAN_POINT('',(74.0000011026859,115.,27.0000003725283));
#4813=CARTESIAN_POINT('Origin',(74.0000011026859,115.000001713634,25.000000372529));
#4814=CARTESIAN_POINT('',(69.0000011026859,115.,27.0000003725283));
#4815=CARTESIAN_POINT('',(69.0000011026859,115.,27.0000003725283));
#4816=CARTESIAN_POINT('Origin',(69.0000011026859,115.000001713634,25.000000372529));
#4817=CARTESIAN_POINT('Origin',(74.0000011026859,115.,4.));
#4818=CARTESIAN_POINT('',(69.0000011026859,115.,4.));
#4819=CARTESIAN_POINT('',(69.0000011026859,115.,4.));
#4820=CARTESIAN_POINT('',(74.0000011026859,115.,4.));
#4821=CARTESIAN_POINT('',(74.0000011026859,115.,4.));
#4822=CARTESIAN_POINT('',(74.0000011026859,115.,4.));
#4823=CARTESIAN_POINT('Origin',(74.0000011026859,115.,4.));
#4824=CARTESIAN_POINT('',(74.0000011026859,115.,45.));
#4825=CARTESIAN_POINT('',(74.0000011026859,115.,4.));
#4826=CARTESIAN_POINT('',(69.0000011026859,115.,45.));
#4827=CARTESIAN_POINT('',(74.0000011026859,115.,45.));
#4828=CARTESIAN_POINT('',(69.0000011026859,115.,4.));
#4829=CARTESIAN_POINT('Origin',(74.0000011026859,149.044153479005,38.5873233335898));
#4830=CARTESIAN_POINT('',(74.0000011026859,160.,4.));
#4831=CARTESIAN_POINT('',(74.0000011026859,160.,4.));
#4832=CARTESIAN_POINT('',(74.0000011026859,183.088306958011,40.1746466671795));
#4833=CARTESIAN_POINT('',(74.0000011026859,183.088306958011,40.1746466671795));
#4834=CARTESIAN_POINT('',(74.0000011026859,183.088306958011,73.1746466671795));
#4835=CARTESIAN_POINT('',(74.0000011026859,183.088306958011,73.1746466671795));
#4836=CARTESIAN_POINT('',(74.0000011026859,150.088306958011,73.1746466671795));
#4837=CARTESIAN_POINT('',(74.0000011026859,150.088306958011,73.1746466671795));
#4838=CARTESIAN_POINT('',(74.0000011026859,115.,45.));
#4839=CARTESIAN_POINT('',(74.0000011026874,159.,48.9999999999998));
#4840=CARTESIAN_POINT('Origin',(74.000001102686,160.,48.9999999999998));
#4841=CARTESIAN_POINT('',(74.0000011026874,159.000000000001,60.9999999999998));
#4842=CARTESIAN_POINT('Origin',(74.000001102686,160.000000000001,60.9999999999998));
#4843=CARTESIAN_POINT('',(74.0000011026874,153.,55.));
#4844=CARTESIAN_POINT('Origin',(74.000001102686,154.,55.));
#4845=CARTESIAN_POINT('',(74.0000011026875,165.,54.9999999999995));
#4846=CARTESIAN_POINT('Origin',(74.0000011026861,166.,54.9999999999995));
#4847=CARTESIAN_POINT('',(74.0000011026874,156.75,54.9999999999998));
#4848=CARTESIAN_POINT('Origin',(74.000001102686,160.,54.9999999999998));
#4849=CARTESIAN_POINT('Origin',(69.0000011026874,160.,54.9999999999998));
#4850=CARTESIAN_POINT('',(69.0000011026874,156.75,54.9999999999998));
#4851=CARTESIAN_POINT('Origin',(69.000001102686,160.,54.9999999999998));
#4852=CARTESIAN_POINT('',(69.0000011026874,156.75,54.9999999999998));
#4853=CARTESIAN_POINT('Origin',(69.0000011026875,166.,54.9999999999995));
#4854=CARTESIAN_POINT('',(69.0000011026875,165.,54.9999999999995));
#4855=CARTESIAN_POINT('Origin',(69.0000011026861,166.,54.9999999999995));
#4856=CARTESIAN_POINT('',(69.0000011026875,165.,54.9999999999995));
#4857=CARTESIAN_POINT('Origin',(69.0000011026874,154.,55.));
#4858=CARTESIAN_POINT('',(69.0000011026874,153.,55.));
#4859=CARTESIAN_POINT('Origin',(69.000001102686,154.,55.));
#4860=CARTESIAN_POINT('',(69.0000011026874,153.,55.));
#4861=CARTESIAN_POINT('Origin',(69.0000011026874,160.000000000001,60.9999999999998));
#4862=CARTESIAN_POINT('',(69.0000011026874,159.000000000001,60.9999999999998));
#4863=CARTESIAN_POINT('Origin',(69.000001102686,160.000000000001,60.9999999999998));
#4864=CARTESIAN_POINT('',(69.0000011026874,159.000000000001,60.9999999999998));
#4865=CARTESIAN_POINT('Origin',(69.0000011026875,160.,48.9999999999998));
#4866=CARTESIAN_POINT('',(69.0000011026874,159.,48.9999999999998));
#4867=CARTESIAN_POINT('Origin',(69.000001102686,160.,48.9999999999998));
#4868=CARTESIAN_POINT('',(69.0000011026874,159.,48.9999999999998));
#4869=CARTESIAN_POINT('Origin',(74.0000011026859,160.,4.));
#4870=CARTESIAN_POINT('',(69.0000011026859,160.,4.));
#4871=CARTESIAN_POINT('',(69.0000011026859,160.,4.));
#4872=CARTESIAN_POINT('',(74.0000011026859,160.,4.));
#4873=CARTESIAN_POINT('Origin',(74.0000011026859,183.088306958011,40.1746466671795));
#4874=CARTESIAN_POINT('',(69.0000011026859,183.088306958011,40.1746466671795));
#4875=CARTESIAN_POINT('',(69.0000011026859,183.088306958011,40.1746466671795));
#4876=CARTESIAN_POINT('',(74.0000011026859,183.088306958011,40.1746466671795));
#4877=CARTESIAN_POINT('Origin',(74.0000011026859,183.088306958011,73.1746466671795));
#4878=CARTESIAN_POINT('',(69.0000011026859,183.088306958011,73.1746466671795));
#4879=CARTESIAN_POINT('',(69.0000011026859,183.088306958011,73.1746466671795));
#4880=CARTESIAN_POINT('',(74.0000011026859,183.088306958011,73.1746466671795));
#4881=CARTESIAN_POINT('Origin',(74.0000011026859,150.088306958011,73.1746466671795));
#4882=CARTESIAN_POINT('',(69.0000011026859,150.088306958011,73.1746466671795));
#4883=CARTESIAN_POINT('',(69.0000011026859,150.088306958011,73.1746466671795));
#4884=CARTESIAN_POINT('',(74.0000011026859,150.088306958011,73.1746466671795));
#4885=CARTESIAN_POINT('Origin',(74.0000011026859,115.,45.));
#4886=CARTESIAN_POINT('',(69.0000011026859,115.,45.));
#4887=CARTESIAN_POINT('Origin',(69.0000011026859,149.044153479005,38.5873233335898));
#4888=CARTESIAN_POINT('Origin',(-71.499998897314,160.000000000002,54.9999999999997));
#4889=CARTESIAN_POINT('',(-73.9999988973141,172.900000000002,54.9999999999997));
#4890=CARTESIAN_POINT('Origin',(-73.9999988973141,160.000000000002,54.9999999999997));
#4891=CARTESIAN_POINT('',(-68.9999988973141,172.900000000002,54.9999999999997));
#4892=CARTESIAN_POINT('',(-71.499998897314,172.900000000002,54.9999999999997));
#4893=CARTESIAN_POINT('Origin',(-68.9999988973141,160.000000000002,54.9999999999997));
#4894=CARTESIAN_POINT('Origin',(69.0000011026859,140.000002086163,15.0000002235174));
#4895=CARTESIAN_POINT('',(-68.9999988973141,142.000002086163,15.0000002235174));
#4896=CARTESIAN_POINT('Origin',(-68.9999988973141,140.000002086163,15.0000002235174));
#4897=CARTESIAN_POINT('',(-73.9999988973141,142.000002086163,15.0000002235174));
#4898=CARTESIAN_POINT('',(69.0000011026859,142.000002086163,15.0000002235174));
#4899=CARTESIAN_POINT('Origin',(-73.9999988973141,140.000002086163,15.0000002235174));
#4900=CARTESIAN_POINT('Origin',(69.0000011026859,155.00000230968,15.0000002235174));
#4901=CARTESIAN_POINT('',(-68.9999988973141,157.00000230968,15.0000002235174));
#4902=CARTESIAN_POINT('Origin',(-68.9999988973141,155.00000230968,15.0000002235174));
#4903=CARTESIAN_POINT('',(-73.9999988973141,157.00000230968,15.0000002235174));
#4904=CARTESIAN_POINT('',(69.0000011026859,157.00000230968,15.0000002235174));
#4905=CARTESIAN_POINT('Origin',(-73.9999988973141,155.00000230968,15.0000002235174));
#4906=CARTESIAN_POINT('Origin',(69.0000011026859,122.400001862645,30.0000004470348));
#4907=CARTESIAN_POINT('',(-68.9999988973141,124.400001862645,30.0000004470348));
#4908=CARTESIAN_POINT('Origin',(-68.9999988973141,122.400001862645,30.0000004470348));
#4909=CARTESIAN_POINT('',(-73.9999988973141,124.400001862645,30.0000004470348));
#4910=CARTESIAN_POINT('',(69.0000011026859,124.400001862645,30.0000004470348));
#4911=CARTESIAN_POINT('Origin',(-73.9999988973141,122.400001862645,30.0000004470348));
#4912=CARTESIAN_POINT('Origin',(69.0000011026859,155.00000230968,25.000000372529));
#4913=CARTESIAN_POINT('',(-68.9999988973141,157.00000230968,25.000000372529));
#4914=CARTESIAN_POINT('Origin',(-68.9999988973141,155.00000230968,25.000000372529));
#4915=CARTESIAN_POINT('',(-73.9999988973141,157.00000230968,25.000000372529));
#4916=CARTESIAN_POINT('',(69.0000011026859,157.00000230968,25.000000372529));
#4917=CARTESIAN_POINT('Origin',(-73.9999988973141,155.00000230968,25.000000372529));
#4918=CARTESIAN_POINT('Origin',(69.0000011026859,115.000001713634,25.000000372529));
#4919=CARTESIAN_POINT('',(-68.9999988973141,115.,23.0000003725298));
#4920=CARTESIAN_POINT('',(-73.9999988973141,115.,23.0000003725298));
#4921=CARTESIAN_POINT('',(69.0000011026859,115.,23.0000003725298));
#4922=CARTESIAN_POINT('',(-68.9999988973141,115.,27.0000003725283));
#4923=CARTESIAN_POINT('Origin',(-68.9999988973141,115.000001713634,25.000000372529));
#4924=CARTESIAN_POINT('',(-73.9999988973141,115.,27.0000003725283));
#4925=CARTESIAN_POINT('',(69.0000011026859,115.,27.0000003725283));
#4926=CARTESIAN_POINT('Origin',(-73.9999988973141,115.000001713634,25.000000372529));
#4927=CARTESIAN_POINT('Origin',(-68.9999988973141,115.,4.));
#4928=CARTESIAN_POINT('',(-73.9999988973141,115.,4.));
#4929=CARTESIAN_POINT('',(-73.9999988973141,115.,4.));
#4930=CARTESIAN_POINT('',(-68.9999988973141,115.,4.));
#4931=CARTESIAN_POINT('',(-68.9999988973141,115.,4.));
#4932=CARTESIAN_POINT('',(-68.9999988973141,115.,4.));
#4933=CARTESIAN_POINT('Origin',(-68.9999988973141,115.,4.));
#4934=CARTESIAN_POINT('',(-68.9999988973141,115.,45.));
#4935=CARTESIAN_POINT('',(-68.9999988973141,115.,4.));
#4936=CARTESIAN_POINT('',(-73.9999988973141,115.,45.));
#4937=CARTESIAN_POINT('',(-68.9999988973141,115.,45.));
#4938=CARTESIAN_POINT('',(-73.9999988973141,115.,4.));
#4939=CARTESIAN_POINT('Origin',(-68.9999988973141,149.044153479005,38.5873233335898));
#4940=CARTESIAN_POINT('',(-68.9999988973141,160.,4.));
#4941=CARTESIAN_POINT('',(-68.9999988973141,160.,4.));
#4942=CARTESIAN_POINT('',(-68.9999988973141,183.088306958011,40.1746466671795));
#4943=CARTESIAN_POINT('',(-68.9999988973141,183.088306958011,40.1746466671795));
#4944=CARTESIAN_POINT('',(-68.9999988973141,183.088306958011,73.1746466671795));
#4945=CARTESIAN_POINT('',(-68.9999988973141,183.088306958011,73.1746466671795));
#4946=CARTESIAN_POINT('',(-68.9999988973141,150.088306958011,73.1746466671795));
#4947=CARTESIAN_POINT('',(-68.9999988973141,150.088306958011,73.1746466671795));
#4948=CARTESIAN_POINT('',(-68.9999988973141,115.,45.));
#4949=CARTESIAN_POINT('Origin',(-68.9999988973141,160.,4.));
#4950=CARTESIAN_POINT('',(-73.9999988973141,160.,4.));
#4951=CARTESIAN_POINT('',(-73.9999988973141,160.,4.));
#4952=CARTESIAN_POINT('',(-68.9999988973141,160.,4.));
#4953=CARTESIAN_POINT('Origin',(-68.9999988973141,183.088306958011,40.1746466671795));
#4954=CARTESIAN_POINT('',(-73.9999988973141,183.088306958011,40.1746466671795));
#4955=CARTESIAN_POINT('',(-73.9999988973141,183.088306958011,40.1746466671795));
#4956=CARTESIAN_POINT('',(-68.9999988973141,183.088306958011,40.1746466671795));
#4957=CARTESIAN_POINT('Origin',(-68.9999988973141,183.088306958011,73.1746466671795));
#4958=CARTESIAN_POINT('',(-73.9999988973141,183.088306958011,73.1746466671795));
#4959=CARTESIAN_POINT('',(-73.9999988973141,183.088306958011,73.1746466671795));
#4960=CARTESIAN_POINT('',(-68.9999988973141,183.088306958011,73.1746466671795));
#4961=CARTESIAN_POINT('Origin',(-68.9999988973141,150.088306958011,73.1746466671795));
#4962=CARTESIAN_POINT('',(-73.9999988973141,150.088306958011,73.1746466671795));
#4963=CARTESIAN_POINT('',(-73.9999988973141,150.088306958011,73.1746466671795));
#4964=CARTESIAN_POINT('',(-68.9999988973141,150.088306958011,73.1746466671795));
#4965=CARTESIAN_POINT('Origin',(-68.9999988973141,115.,45.));
#4966=CARTESIAN_POINT('',(-73.9999988973141,115.,45.));
#4967=CARTESIAN_POINT('Origin',(-73.9999988973141,149.044153479005,38.5873233335898));
#4968=CARTESIAN_POINT('Origin',(0.,55.,31.));
#4969=CARTESIAN_POINT('',(130.,15.,31.));
#4970=CARTESIAN_POINT('',(100.,15.,31.));
#4971=CARTESIAN_POINT('',(65.,15.,31.));
#4972=CARTESIAN_POINT('',(130.,35.,31.));
#4973=CARTESIAN_POINT('Origin',(130.,25.,31.));
#4974=CARTESIAN_POINT('',(120.,35.,31.));
#4975=CARTESIAN_POINT('',(60.,35.,31.));
#4976=CARTESIAN_POINT('',(120.000000000002,75.,31.));
#4977=CARTESIAN_POINT('',(120.,65.,31.));
#4978=CARTESIAN_POINT('',(129.999931369991,75.0000000000104,31.));
#4979=CARTESIAN_POINT('',(64.9999656849832,74.9999999999428,31.));
#4980=CARTESIAN_POINT('',(129.99993136986,95.0000000000942,31.));
#4981=CARTESIAN_POINT('Origin',(129.999931369991,85.0000000000304,31.));
#4982=CARTESIAN_POINT('',(100.000000000002,95.,31.));
#4983=CARTESIAN_POINT('',(49.9999999999664,94.9999999999215,31.));
#4984=CARTESIAN_POINT('',(100.,35.,31.));
#4985=CARTESIAN_POINT('',(125.999997928739,25.,31.));
#4986=CARTESIAN_POINT('Origin',(130.,25.,31.));
#4987=CARTESIAN_POINT('',(125.999931369989,85.0000000000304,31.));
#4988=CARTESIAN_POINT('Origin',(129.999931369989,85.0000000000304,31.));
#4989=CARTESIAN_POINT('Origin',(120.,75.,41.));
#4990=CARTESIAN_POINT('',(120.,35.,26.));
#4991=CARTESIAN_POINT('',(120.,35.,41.));
#4992=CARTESIAN_POINT('',(120.000000000002,75.,26.));
#4993=CARTESIAN_POINT('',(120.,42.5,26.));
#4994=CARTESIAN_POINT('',(120.000000000002,75.,41.));
#4995=CARTESIAN_POINT('Origin',(120.,35.,41.));
#4996=CARTESIAN_POINT('',(130.,35.,26.));
#4997=CARTESIAN_POINT('',(130.,35.,41.));
#4998=CARTESIAN_POINT('',(65.,35.,26.));
#4999=CARTESIAN_POINT('Origin',(130.,25.,41.));
#5000=CARTESIAN_POINT('',(130.,15.,26.));
#5001=CARTESIAN_POINT('',(130.,15.,41.));
#5002=CARTESIAN_POINT('Origin',(130.,25.,26.));
#5003=CARTESIAN_POINT('Origin',(130.,15.,41.));
#5004=CARTESIAN_POINT('',(100.,15.,26.));
#5005=CARTESIAN_POINT('',(100.,15.,41.));
#5006=CARTESIAN_POINT('',(50.,15.,26.));
#5007=CARTESIAN_POINT('Origin',(129.999931369989,85.0000000000304,41.));
#5008=CARTESIAN_POINT('',(125.999931369989,85.0000000000304,26.));
#5009=CARTESIAN_POINT('Origin',(129.999931369989,85.0000000000304,26.));
#5010=CARTESIAN_POINT('',(125.999931369989,85.0000000000304,41.));
#5011=CARTESIAN_POINT('Origin',(130.,25.,41.));
#5012=CARTESIAN_POINT('',(125.999997928739,25.,26.));
#5013=CARTESIAN_POINT('Origin',(130.,25.,26.));
#5014=CARTESIAN_POINT('',(125.999997928739,25.,41.));
#5015=CARTESIAN_POINT('Origin',(129.999931369987,75.0000000000104,41.));
#5016=CARTESIAN_POINT('',(129.999931369991,75.0000000000104,26.));
#5017=CARTESIAN_POINT('',(59.9999999999887,74.9999999999376,26.));
#5018=CARTESIAN_POINT('',(129.999931369991,75.0000000000104,41.));
#5019=CARTESIAN_POINT('Origin',(129.999931369991,85.0000000000304,41.));
#5020=CARTESIAN_POINT('',(129.99993136986,95.0000000000942,26.));
#5021=CARTESIAN_POINT('Origin',(129.999931369991,85.0000000000304,26.));
#5022=CARTESIAN_POINT('',(129.99993136986,95.0000000000942,41.));
#5023=CARTESIAN_POINT('Origin',(99.9999999999955,95.,41.));
#5024=CARTESIAN_POINT('',(100.000000000002,95.,26.));
#5025=CARTESIAN_POINT('',(64.9999656848956,94.999999999945,26.));
#5026=CARTESIAN_POINT('',(100.000000000002,95.,41.));
#5027=CARTESIAN_POINT('Origin',(100.,15.,41.));
#5028=CARTESIAN_POINT('',(100.,77.5,26.));
#5029=CARTESIAN_POINT('Origin',(0.,55.,26.));
#5030=CARTESIAN_POINT('Origin',(0.,55.,31.));
#5031=CARTESIAN_POINT('',(-120.,75.,31.));
#5032=CARTESIAN_POINT('',(-130.,75.,31.));
#5033=CARTESIAN_POINT('',(-60.,75.,31.));
#5034=CARTESIAN_POINT('',(-120.,35.,31.));
#5035=CARTESIAN_POINT('',(-120.,45.,31.));
#5036=CARTESIAN_POINT('',(-130.,35.,31.));
#5037=CARTESIAN_POINT('',(-65.,35.,31.));
#5038=CARTESIAN_POINT('',(-130.,15.,31.));
#5039=CARTESIAN_POINT('Origin',(-130.,25.,31.));
#5040=CARTESIAN_POINT('',(-100.,15.,31.));
#5041=CARTESIAN_POINT('',(-50.,15.,31.));
#5042=CARTESIAN_POINT('',(-100.,95.,31.));
#5043=CARTESIAN_POINT('',(-100.,75.,31.));
#5044=CARTESIAN_POINT('',(-130.,95.,31.));
#5045=CARTESIAN_POINT('',(-65.,95.,31.));
#5046=CARTESIAN_POINT('Origin',(-130.,85.,31.));
#5047=CARTESIAN_POINT('',(-133.999998122454,25.,31.));
#5048=CARTESIAN_POINT('Origin',(-130.,25.,31.));
#5049=CARTESIAN_POINT('',(-133.999998122454,85.,31.));
#5050=CARTESIAN_POINT('Origin',(-130.,85.,31.));
#5051=CARTESIAN_POINT('Origin',(-130.,25.,41.));
#5052=CARTESIAN_POINT('',(-130.,35.,26.));
#5053=CARTESIAN_POINT('',(-130.,35.,41.));
#5054=CARTESIAN_POINT('',(-130.,15.,26.));
#5055=CARTESIAN_POINT('Origin',(-130.,25.,26.));
#5056=CARTESIAN_POINT('',(-130.,15.,41.));
#5057=CARTESIAN_POINT('Origin',(-130.,35.,41.));
#5058=CARTESIAN_POINT('',(-120.,35.,26.));
#5059=CARTESIAN_POINT('',(-120.,35.,41.));
#5060=CARTESIAN_POINT('',(-60.,34.9999999999999,26.));
#5061=CARTESIAN_POINT('Origin',(-120.,35.,41.));
#5062=CARTESIAN_POINT('',(-120.,75.,26.));
#5063=CARTESIAN_POINT('',(-120.,75.,41.));
#5064=CARTESIAN_POINT('',(-120.,67.5,26.));
#5065=CARTESIAN_POINT('Origin',(-120.,75.,41.));
#5066=CARTESIAN_POINT('',(-130.,75.,26.));
#5067=CARTESIAN_POINT('',(-130.,75.,41.));
#5068=CARTESIAN_POINT('',(-65.,75.,26.));
#5069=CARTESIAN_POINT('Origin',(-130.,85.,41.));
#5070=CARTESIAN_POINT('',(-133.999998122454,85.,26.));
#5071=CARTESIAN_POINT('Origin',(-130.,85.,26.));
#5072=CARTESIAN_POINT('',(-133.999998122454,85.,41.));
#5073=CARTESIAN_POINT('Origin',(-130.,25.,41.));
#5074=CARTESIAN_POINT('',(-133.999998122454,25.,26.));
#5075=CARTESIAN_POINT('Origin',(-130.,25.,26.));
#5076=CARTESIAN_POINT('',(-133.999998122454,25.,41.));
#5077=CARTESIAN_POINT('Origin',(-100.,15.,41.));
#5078=CARTESIAN_POINT('',(-100.,15.,26.));
#5079=CARTESIAN_POINT('',(-65.,15.,26.));
#5080=CARTESIAN_POINT('',(-100.,15.,41.));
#5081=CARTESIAN_POINT('Origin',(-100.,95.,41.));
#5082=CARTESIAN_POINT('',(-100.,95.,26.));
#5083=CARTESIAN_POINT('',(-100.,107.5,26.));
#5084=CARTESIAN_POINT('',(-100.,95.,41.));
#5085=CARTESIAN_POINT('Origin',(-130.,95.,41.));
#5086=CARTESIAN_POINT('',(-130.,95.,26.));
#5087=CARTESIAN_POINT('',(-50.,95.,26.));
#5088=CARTESIAN_POINT('',(-130.,95.,41.));
#5089=CARTESIAN_POINT('Origin',(-130.,85.,41.));
#5090=CARTESIAN_POINT('Origin',(-130.,85.,26.));
#5091=CARTESIAN_POINT('Origin',(0.,55.,26.));
#5092=CARTESIAN_POINT('Origin',(70.,160.,4.));
#5093=CARTESIAN_POINT('',(70.,160.,0.));
#5094=CARTESIAN_POINT('',(70.,160.,4.));
#5095=CARTESIAN_POINT('',(70.,160.,0.));
#5096=CARTESIAN_POINT('',(65.,160.,0.));
#5097=CARTESIAN_POINT('',(70.,160.,0.));
#5098=CARTESIAN_POINT('',(65.,160.,4.));
#5099=CARTESIAN_POINT('',(65.,160.,0.));
#5100=CARTESIAN_POINT('',(70.,160.,4.));
#5101=CARTESIAN_POINT('Origin',(70.,120.,4.));
#5102=CARTESIAN_POINT('',(70.,120.,4.));
#5103=CARTESIAN_POINT('',(70.,120.,4.));
#5104=CARTESIAN_POINT('',(65.,120.,4.));
#5105=CARTESIAN_POINT('',(65.,120.,4.));
#5106=CARTESIAN_POINT('',(70.,120.,4.));
#5107=CARTESIAN_POINT('Origin',(70.,120.,0.));
#5108=CARTESIAN_POINT('',(70.,120.,0.));
#5109=CARTESIAN_POINT('',(70.,120.,0.));
#5110=CARTESIAN_POINT('',(65.,120.,0.));
#5111=CARTESIAN_POINT('',(65.,120.,0.));
#5112=CARTESIAN_POINT('',(70.,120.,0.));
#5113=CARTESIAN_POINT('Origin',(70.,160.,0.));
#5114=CARTESIAN_POINT('',(70.,120.,0.));
#5115=CARTESIAN_POINT('',(65.,120.,0.));
#5116=CARTESIAN_POINT('Origin',(65.,160.,0.));
#5117=CARTESIAN_POINT('Origin',(70.,160.,0.));
#5118=CARTESIAN_POINT('Origin',(-70.,120.,4.));
#5119=CARTESIAN_POINT('',(-70.,120.,0.));
#5120=CARTESIAN_POINT('',(-70.,120.,4.));
#5121=CARTESIAN_POINT('',(-70.,120.,0.));
#5122=CARTESIAN_POINT('',(-65.,120.,0.));
#5123=CARTESIAN_POINT('',(-70.,120.,0.));
#5124=CARTESIAN_POINT('',(-65.,120.,4.));
#5125=CARTESIAN_POINT('',(-65.,120.,0.));
#5126=CARTESIAN_POINT('',(-70.,120.,4.));
#5127=CARTESIAN_POINT('Origin',(-70.,160.,4.));
#5128=CARTESIAN_POINT('',(-70.,160.,4.));
#5129=CARTESIAN_POINT('',(-70.,160.,4.));
#5130=CARTESIAN_POINT('',(-65.,160.,4.));
#5131=CARTESIAN_POINT('',(-65.,160.,4.));
#5132=CARTESIAN_POINT('',(-70.,160.,4.));
#5133=CARTESIAN_POINT('Origin',(-70.,160.,0.));
#5134=CARTESIAN_POINT('',(-70.,160.,0.));
#5135=CARTESIAN_POINT('',(-70.,160.,0.));
#5136=CARTESIAN_POINT('',(-65.,160.,0.));
#5137=CARTESIAN_POINT('',(-65.,160.,0.));
#5138=CARTESIAN_POINT('',(-70.,160.,0.));
#5139=CARTESIAN_POINT('Origin',(-70.,120.,0.));
#5140=CARTESIAN_POINT('',(-70.,160.,0.));
#5141=CARTESIAN_POINT('',(-65.,160.,0.));
#5142=CARTESIAN_POINT('Origin',(-65.,120.,0.));
#5143=CARTESIAN_POINT('Origin',(-70.,120.,0.));
#5144=CARTESIAN_POINT('',(0.,0.,0.));
#5145=CARTESIAN_POINT('',(0.,0.,-14.));
#5146=CARTESIAN_POINT('',(0.107884057185248,2.66453525910033E-14,86.0000000000075));
#5147=CARTESIAN_POINT('',(0.,0.,0.));
#5148=UNCERTAINTY_MEASURE_WITH_UNIT(LENGTH_MEASURE(0.01),#5164,
'DISTANCE_ACCURACY_VALUE',
'Maximum model space distance between geometric entities at asserted c
onnectivities');
#5149=UNCERTAINTY_MEASURE_WITH_UNIT(LENGTH_MEASURE(0.01),#5164,
'DISTANCE_ACCURACY_VALUE',
'Maximum model space distance between geometric entities at asserted c
onnectivities');
#5150=UNCERTAINTY_MEASURE_WITH_UNIT(LENGTH_MEASURE(0.01),#5164,
'DISTANCE_ACCURACY_VALUE',
'Maximum model space distance between geometric entities at asserted c
onnectivities');
#5151=UNCERTAINTY_MEASURE_WITH_UNIT(LENGTH_MEASURE(0.01),#5164,
'DISTANCE_ACCURACY_VALUE',
'Maximum model space distance between geometric entities at asserted c
onnectivities');
#5152=UNCERTAINTY_MEASURE_WITH_UNIT(LENGTH_MEASURE(0.01),#5164,
'DISTANCE_ACCURACY_VALUE',
'Maximum model space distance between geometric entities at asserted c
onnectivities');
#5153=UNCERTAINTY_MEASURE_WITH_UNIT(LENGTH_MEASURE(0.01),#5164,
'DISTANCE_ACCURACY_VALUE',
'Maximum model space distance between geometric entities at asserted c
onnectivities');
#5154=UNCERTAINTY_MEASURE_WITH_UNIT(LENGTH_MEASURE(0.01),#5164,
'DISTANCE_ACCURACY_VALUE',
'Maximum model space distance between geometric entities at asserted c
onnectivities');
#5155=UNCERTAINTY_MEASURE_WITH_UNIT(LENGTH_MEASURE(0.01),#5164,
'DISTANCE_ACCURACY_VALUE',
'Maximum model space distance between geometric entities at asserted c
onnectivities');
#5156=(
GEOMETRIC_REPRESENTATION_CONTEXT(3)
GLOBAL_UNCERTAINTY_ASSIGNED_CONTEXT((#5148))
GLOBAL_UNIT_ASSIGNED_CONTEXT((#5164,#5166,#5167))
REPRESENTATION_CONTEXT('','3D')
);
#5157=(
GEOMETRIC_REPRESENTATION_CONTEXT(3)
GLOBAL_UNCERTAINTY_ASSIGNED_CONTEXT((#5149))
GLOBAL_UNIT_ASSIGNED_CONTEXT((#5164,#5166,#5167))
REPRESENTATION_CONTEXT('','3D')
);
#5158=(
GEOMETRIC_REPRESENTATION_CONTEXT(3)
GLOBAL_UNCERTAINTY_ASSIGNED_CONTEXT((#5150))
GLOBAL_UNIT_ASSIGNED_CONTEXT((#5164,#5166,#5167))
REPRESENTATION_CONTEXT('','3D')
);
#5159=(
GEOMETRIC_REPRESENTATION_CONTEXT(3)
GLOBAL_UNCERTAINTY_ASSIGNED_CONTEXT((#5151))
GLOBAL_UNIT_ASSIGNED_CONTEXT((#5164,#5166,#5167))
REPRESENTATION_CONTEXT('','3D')
);
#5160=(
GEOMETRIC_REPRESENTATION_CONTEXT(3)
GLOBAL_UNCERTAINTY_ASSIGNED_CONTEXT((#5152))
GLOBAL_UNIT_ASSIGNED_CONTEXT((#5164,#5166,#5167))
REPRESENTATION_CONTEXT('','3D')
);
#5161=(
GEOMETRIC_REPRESENTATION_CONTEXT(3)
GLOBAL_UNCERTAINTY_ASSIGNED_CONTEXT((#5153))
GLOBAL_UNIT_ASSIGNED_CONTEXT((#5164,#5166,#5167))
REPRESENTATION_CONTEXT('','3D')
);
#5162=(
GEOMETRIC_REPRESENTATION_CONTEXT(3)
GLOBAL_UNCERTAINTY_ASSIGNED_CONTEXT((#5154))
GLOBAL_UNIT_ASSIGNED_CONTEXT((#5164,#5166,#5167))
REPRESENTATION_CONTEXT('','3D')
);
#5163=(
GEOMETRIC_REPRESENTATION_CONTEXT(3)
GLOBAL_UNCERTAINTY_ASSIGNED_CONTEXT((#5155))
GLOBAL_UNIT_ASSIGNED_CONTEXT((#5164,#5166,#5167))
REPRESENTATION_CONTEXT('','3D')
);
#5164=(
LENGTH_UNIT()
NAMED_UNIT(*)
SI_UNIT(.MILLI.,.METRE.)
);
#5165=(
LENGTH_UNIT()
NAMED_UNIT(*)
SI_UNIT($,.METRE.)
);
#5166=(
NAMED_UNIT(*)
PLANE_ANGLE_UNIT()
SI_UNIT($,.RADIAN.)
);
#5167=(
NAMED_UNIT(*)
SI_UNIT($,.STERADIAN.)
SOLID_ANGLE_UNIT()
);
#5168=SHAPE_DEFINITION_REPRESENTATION(#5175,#5189);
#5169=SHAPE_DEFINITION_REPRESENTATION(#5176,#5190);
#5170=SHAPE_DEFINITION_REPRESENTATION(#5177,#5191);
#5171=SHAPE_DEFINITION_REPRESENTATION(#5178,#5192);
#5172=SHAPE_DEFINITION_REPRESENTATION(#5179,#5193);
#5173=SHAPE_DEFINITION_REPRESENTATION(#5183,#5194);
#5174=SHAPE_DEFINITION_REPRESENTATION(#5184,#5195);
#5175=PRODUCT_DEFINITION_SHAPE('',$,#5197);
#5176=PRODUCT_DEFINITION_SHAPE('',$,#5198);
#5177=PRODUCT_DEFINITION_SHAPE('',$,#5199);
#5178=PRODUCT_DEFINITION_SHAPE('',$,#5200);
#5179=PRODUCT_DEFINITION_SHAPE('',$,#5201);
#5180=PRODUCT_DEFINITION_SHAPE($,$,#32);
#5181=PRODUCT_DEFINITION_SHAPE($,$,#33);
#5182=PRODUCT_DEFINITION_SHAPE($,$,#34);
#5183=PRODUCT_DEFINITION_SHAPE('',$,#5202);
#5184=PRODUCT_DEFINITION_SHAPE('',$,#5203);
#5185=PRODUCT_DEFINITION_SHAPE($,$,#35);
#5186=PRODUCT_DEFINITION_SHAPE($,$,#36);
#5187=PRODUCT_DEFINITION_SHAPE($,$,#37);
#5188=PRODUCT_DEFINITION_SHAPE($,$,#38);
#5189=SHAPE_REPRESENTATION('',(#3124,#3408,#3409,#3410,#3411),#5156);
#5190=SHAPE_REPRESENTATION('',(#3125,#3247,#3248),#5157);
#5191=SHAPE_REPRESENTATION('',(#3126),#5158);
#5192=SHAPE_REPRESENTATION('',(#3226,#3246),#5159);
#5193=SHAPE_REPRESENTATION('',(#3227),#5160);
#5194=SHAPE_REPRESENTATION('',(#3249),#5161);
#5195=SHAPE_REPRESENTATION('',(#3289),#5162);
#5196=PRODUCT_DEFINITION_CONTEXT('part definition',#5219,'design');
#5197=PRODUCT_DEFINITION('Chassis','Chassis v1',#5204,#5196);
#5198=PRODUCT_DEFINITION('Untitled v14','Untitled v14',#5205,#5196);
#5199=PRODUCT_DEFINITION('Chassis_1','Chassis',#5206,#5196);
#5200=PRODUCT_DEFINITION('Top plate v3','Top plate v3',#5207,#5196);
#5201=PRODUCT_DEFINITION('Top guard','Top guard',#5208,#5196);
#5202=PRODUCT_DEFINITION('Fender (1)','Fender (1)',#5209,#5196);
#5203=PRODUCT_DEFINITION('Motor Mount','Motor Mount',#5210,#5196);
#5204=PRODUCT_DEFINITION_FORMATION('',$,#5221);
#5205=PRODUCT_DEFINITION_FORMATION('',$,#5222);
#5206=PRODUCT_DEFINITION_FORMATION('',$,#5223);
#5207=PRODUCT_DEFINITION_FORMATION('',$,#5224);
#5208=PRODUCT_DEFINITION_FORMATION('',$,#5225);
#5209=PRODUCT_DEFINITION_FORMATION('',$,#5226);
#5210=PRODUCT_DEFINITION_FORMATION('',$,#5227);
#5211=PRODUCT_RELATED_PRODUCT_CATEGORY('Chassis v1','Chassis v1',(#5221));
#5212=PRODUCT_RELATED_PRODUCT_CATEGORY('Untitled v14','Untitled v14',(#5222));
#5213=PRODUCT_RELATED_PRODUCT_CATEGORY('Chassis','Chassis',(#5223));
#5214=PRODUCT_RELATED_PRODUCT_CATEGORY('Top plate v3','Top plate v3',(#5224));
#5215=PRODUCT_RELATED_PRODUCT_CATEGORY('Top guard','Top guard',(#5225));
#5216=PRODUCT_RELATED_PRODUCT_CATEGORY('Fender (1)','Fender (1)',(#5226));
#5217=PRODUCT_RELATED_PRODUCT_CATEGORY('Motor Mount','Motor Mount',(#5227));
#5218=APPLICATION_PROTOCOL_DEFINITION('international standard',
'automotive_design',2009,#5219);
#5219=APPLICATION_CONTEXT(
'Core Data for Automotive Mechanical Design Process');
#5220=PRODUCT_CONTEXT('part definition',#5219,'mechanical');
#5221=PRODUCT('Chassis','Chassis v1',$,(#5220));
#5222=PRODUCT('Untitled v14','Untitled v14',$,(#5220));
#5223=PRODUCT('Chassis_1','Chassis',$,(#5220));
#5224=PRODUCT('Top plate v3','Top plate v3',$,(#5220));
#5225=PRODUCT('Top guard','Top guard',$,(#5220));
#5226=PRODUCT('Fender (1)','Fender (1)',$,(#5220));
#5227=PRODUCT('Motor Mount','Motor Mount',$,(#5220));
#5228=PRESENTATION_STYLE_ASSIGNMENT((#5230));
#5229=PRESENTATION_STYLE_ASSIGNMENT((#5231));
#5230=SURFACE_STYLE_USAGE(.BOTH.,#5232);
#5231=SURFACE_STYLE_USAGE(.BOTH.,#5233);
#5232=SURFACE_SIDE_STYLE('',(#5234));
#5233=SURFACE_SIDE_STYLE('',(#5235));
#5234=SURFACE_STYLE_FILL_AREA(#5236);
#5235=SURFACE_STYLE_FILL_AREA(#5237);
#5236=FILL_AREA_STYLE('Steel - Satin',(#5238));
#5237=FILL_AREA_STYLE('ABS (White)',(#5239));
#5238=FILL_AREA_STYLE_COLOUR('Steel - Satin',#5240);
#5239=FILL_AREA_STYLE_COLOUR('ABS (White)',#5241);
#5240=COLOUR_RGB('Steel - Satin',0.627450980392157,0.627450980392157,0.627450980392157);
#5241=COLOUR_RGB('ABS (White)',0.964705882352941,0.964705882352941,0.952941176470588);
ENDSEC;
END-ISO-10303-21;
